tick,time,code,action,bus,servicer_id,service_index,request_type,request_id,target_request_id,request_status,request_response,sequence,<values>
345,0.345,C,submit,x43,x43.altitude,0,RequestService,x43.altitude#1,,UNBOUND
346,0.346,B,notify,x43,x43.altitude,1,RequestService,x43.altitude#1,,SERVICE,
346,0.346,B,service,x43,x43.altitude,1,RequestService,x43.altitude#1,,SERVICE,,0,_valueCurrent=,2500.0,valueTarget=,1000.0,_speedCurrent=,2.0,speedChange=ACCELERATING,_isTerminating=false,isArrived=false
346,0.346,D,respond,x43,x43.altitude,1,RequestService,x43.altitude#1,,,ACCEPTED_SERVICING
347,0.347,B,notify,x43,x43.altitude,2,RequestService,x43.altitude#1,,SERVICE,
347,0.347,B,service,x43,x43.altitude,2,RequestService,x43.altitude#1,,SERVICE,,1,_valueCurrent=,2498.0,valueTarget=,1000.0,_speedCurrent=,4.0,speedChange=ACCELERATING,_isTerminating=false,isArrived=false
348,0.348,B,notify,x43,x43.altitude,3,RequestService,x43.altitude#1,,SERVICE,
348,0.348,B,service,x43,x43.altitude,3,RequestService,x43.altitude#1,,SERVICE,,2,_valueCurrent=,2494.0,valueTarget=,1000.0,_speedCurrent=,6.0,speedChange=ACCELERATING,_isTerminating=false,isArrived=false
349,0.349,B,notify,x43,x43.altitude,4,RequestService,x43.altitude#1,,SERVICE,
349,0.349,B,service,x43,x43.altitude,4,RequestService,x43.altitude#1,,SERVICE,,3,_valueCurrent=,2488.0,valueTarget=,1000.0,_speedCurrent=,8.0,speedChange=ACCELERATING,_isTerminating=false,isArrived=false
350,0.350,B,notify,x43,x43.altitude,5,RequestService,x43.altitude#1,,SERVICE,
350,0.350,B,service,x43,x43.altitude,5,RequestService,x43.altitude#1,,SERVICE,,4,_valueCurrent=,2480.0,valueTarget=,1000.0,_speedCurrent=,10.0,speedChange=ACCELERATING,_isTerminating=false,isArrived=false
351,0.351,B,notify,x43,x43.altitude,6,RequestService,x43.altitude#1,,SERVICE,
351,0.351,B,service,x43,x43.altitude,6,RequestService,x43.altitude#1,,SERVICE,,5,_valueCurrent=,2470.0,valueTarget=,1000.0,_speedCurrent=,10.0,speedChange=NONE,_isTerminating=false,isArrived=false
352,0.352,B,notify,x43,x43.altitude,7,RequestService,x43.altitude#1,,SERVICE,
352,0.352,B,service,x43,x43.altitude,7,RequestService,x43.altitude#1,,SERVICE,,6,_valueCurrent=,2460.0,valueTarget=,1000.0,_speedCurrent=,10.0,speedChange=NONE,_isTerminating=false,isArrived=false
353,0.353,B,notify,x43,x43.altitude,8,RequestService,x43.altitude#1,,SERVICE,
353,0.353,B,service,x43,x43.altitude,8,RequestService,x43.altitude#1,,SERVICE,,7,_valueCurrent=,2450.0,valueTarget=,1000.0,_speedCurrent=,10.0,speedChange=NONE,_isTerminating=false,isArrived=false
354,0.354,B,notify,x43,x43.altitude,9,RequestService,x43.altitude#1,,SERVICE,
354,0.354,B,service,x43,x43.altitude,9,RequestService,x43.altitude#1,,SERVICE,,8,_valueCurrent=,2440.0,valueTarget=,1000.0,_speedCurrent=,10.0,speedChange=NONE,_isTerminating=false,isArrived=false
355,0.355,B,notify,x43,x43.altitude,10,RequestService,x43.altitude#1,,SERVICE,
355,0.355,B,service,x43,x43.altitude,10,RequestService,x43.altitude#1,,SERVICE,,9,_valueCurrent=,2430.0,valueTarget=,1000.0,_speedCurrent=,10.0,speedChange=NONE,_isTerminating=false,isArrived=false
356,0.356,B,notify,x43,x43.altitude,11,RequestService,x43.altitude#1,,SERVICE,
356,0.356,B,service,x43,x43.altitude,11,RequestService,x43.altitude#1,,SERVICE,,10,_valueCurrent=,2420.0,valueTarget=,1000.0,_speedCurrent=,10.0,speedChange=NONE,_isTerminating=false,isArrived=false
357,0.357,B,notify,x43,x43.altitude,12,RequestService,x43.altitude#1,,SERVICE,
357,0.357,B,service,x43,x43.altitude,12,RequestService,x43.altitude#1,,SERVICE,,11,_valueCurrent=,2410.0,valueTarget=,1000.0,_speedCurrent=,10.0,speedChange=NONE,_isTerminating=false,isArrived=false
358,0.358,B,notify,x43,x43.altitude,13,RequestService,x43.altitude#1,,SERVICE,
358,0.358,B,service,x43,x43.altitude,13,RequestService,x43.altitude#1,,SERVICE,,12,_valueCurrent=,2400.0,valueTarget=,1000.0,_speedCurrent=,10.0,speedChange=NONE,_isTerminating=false,isArrived=false
359,0.359,B,notify,x43,x43.altitude,14,RequestService,x43.altitude#1,,SERVICE,
359,0.359,B,service,x43,x43.altitude,14,RequestService,x43.altitude#1,,SERVICE,,13,_valueCurrent=,2390.0,valueTarget=,1000.0,_speedCurrent=,10.0,speedChange=NONE,_isTerminating=false,isArrived=false
360,0.360,B,notify,x43,x43.altitude,15,RequestService,x43.altitude#1,,SERVICE,
360,0.360,B,service,x43,x43.altitude,15,RequestService,x43.altitude#1,,SERVICE,,14,_valueCurrent=,2380.0,valueTarget=,1000.0,_speedCurrent=,10.0,speedChange=NONE,_isTerminating=false,isArrived=false
361,0.361,B,notify,x43,x43.altitude,16,RequestService,x43.altitude#1,,SERVICE,
361,0.361,B,service,x43,x43.altitude,16,RequestService,x43.altitude#1,,SERVICE,,15,_valueCurrent=,2370.0,valueTarget=,1000.0,_speedCurrent=,10.0,speedChange=NONE,_isTerminating=false,isArrived=false
362,0.362,B,notify,x43,x43.altitude,17,RequestService,x43.altitude#1,,SERVICE,
362,0.362,B,service,x43,x43.altitude,17,RequestService,x43.altitude#1,,SERVICE,,16,_valueCurrent=,2360.0,valueTarget=,1000.0,_speedCurrent=,10.0,speedChange=NONE,_isTerminating=false,isArrived=false
363,0.363,B,notify,x43,x43.altitude,18,RequestService,x43.altitude#1,,SERVICE,
363,0.363,B,service,x43,x43.altitude,18,RequestService,x43.altitude#1,,SERVICE,,17,_valueCurrent=,2350.0,valueTarget=,1000.0,_speedCurrent=,10.0,speedChange=NONE,_isTerminating=false,isArrived=false
364,0.364,B,notify,x43,x43.altitude,19,RequestService,x43.altitude#1,,SERVICE,
364,0.364,B,service,x43,x43.altitude,19,RequestService,x43.altitude#1,,SERVICE,,18,_valueCurrent=,2340.0,valueTarget=,1000.0,_speedCurrent=,10.0,speedChange=NONE,_isTerminating=false,isArrived=false
365,0.365,B,notify,x43,x43.altitude,20,RequestService,x43.altitude#1,,SERVICE,
365,0.365,B,service,x43,x43.altitude,20,RequestService,x43.altitude#1,,SERVICE,,19,_valueCurrent=,2330.0,valueTarget=,1000.0,_speedCurrent=,10.0,speedChange=NONE,_isTerminating=false,isArrived=false
366,0.366,B,notify,x43,x43.altitude,21,RequestService,x43.altitude#1,,SERVICE,
366,0.366,B,service,x43,x43.altitude,21,RequestService,x43.altitude#1,,SERVICE,,20,_valueCurrent=,2320.0,valueTarget=,1000.0,_speedCurrent=,10.0,speedChange=NONE,_isTerminating=false,isArrived=false
367,0.367,B,notify,x43,x43.altitude,22,RequestService,x43.altitude#1,,SERVICE,
367,0.367,B,service,x43,x43.altitude,22,RequestService,x43.altitude#1,,SERVICE,,21,_valueCurrent=,2310.0,valueTarget=,1000.0,_speedCurrent=,10.0,speedChange=NONE,_isTerminating=false,isArrived=false
368,0.368,B,notify,x43,x43.altitude,23,RequestService,x43.altitude#1,,SERVICE,
368,0.368,B,service,x43,x43.altitude,23,RequestService,x43.altitude#1,,SERVICE,,22,_valueCurrent=,2300.0,valueTarget=,1000.0,_speedCurrent=,10.0,speedChange=NONE,_isTerminating=false,isArrived=false
369,0.369,B,notify,x43,x43.altitude,24,RequestService,x43.altitude#1,,SERVICE,
369,0.369,B,service,x43,x43.altitude,24,RequestService,x43.altitude#1,,SERVICE,,23,_valueCurrent=,2290.0,valueTarget=,1000.0,_speedCurrent=,10.0,speedChange=NONE,_isTerminating=false,isArrived=false
370,0.370,B,notify,x43,x43.altitude,25,RequestService,x43.altitude#1,,SERVICE,
370,0.370,B,service,x43,x43.altitude,25,RequestService,x43.altitude#1,,SERVICE,,24,_valueCurrent=,2280.0,valueTarget=,1000.0,_speedCurrent=,10.0,speedChange=NONE,_isTerminating=false,isArrived=false
371,0.371,B,notify,x43,x43.altitude,26,RequestService,x43.altitude#1,,SERVICE,
371,0.371,B,service,x43,x43.altitude,26,RequestService,x43.altitude#1,,SERVICE,,25,_valueCurrent=,2270.0,valueTarget=,1000.0,_speedCurrent=,10.0,speedChange=NONE,_isTerminating=false,isArrived=false
372,0.372,B,notify,x43,x43.altitude,27,RequestService,x43.altitude#1,,SERVICE,
372,0.372,B,service,x43,x43.altitude,27,RequestService,x43.altitude#1,,SERVICE,,26,_valueCurrent=,2260.0,valueTarget=,1000.0,_speedCurrent=,10.0,speedChange=NONE,_isTerminating=false,isArrived=false
373,0.373,B,notify,x43,x43.altitude,28,RequestService,x43.altitude#1,,SERVICE,
373,0.373,B,service,x43,x43.altitude,28,RequestService,x43.altitude#1,,SERVICE,,27,_valueCurrent=,2250.0,valueTarget=,1000.0,_speedCurrent=,10.0,speedChange=NONE,_isTerminating=false,isArrived=false
374,0.374,B,notify,x43,x43.altitude,29,RequestService,x43.altitude#1,,SERVICE,
374,0.374,B,service,x43,x43.altitude,29,RequestService,x43.altitude#1,,SERVICE,,28,_valueCurrent=,2240.0,valueTarget=,1000.0,_speedCurrent=,10.0,speedChange=NONE,_isTerminating=false,isArrived=false
375,0.375,B,notify,x43,x43.altitude,30,RequestService,x43.altitude#1,,SERVICE,
375,0.375,B,service,x43,x43.altitude,30,RequestService,x43.altitude#1,,SERVICE,,29,_valueCurrent=,2230.0,valueTarget=,1000.0,_speedCurrent=,10.0,speedChange=NONE,_isTerminating=false,isArrived=false
376,0.376,B,notify,x43,x43.altitude,31,RequestService,x43.altitude#1,,SERVICE,
376,0.376,B,service,x43,x43.altitude,31,RequestService,x43.altitude#1,,SERVICE,,30,_valueCurrent=,2220.0,valueTarget=,1000.0,_speedCurrent=,10.0,speedChange=NONE,_isTerminating=false,isArrived=false
377,0.377,B,notify,x43,x43.altitude,32,RequestService,x43.altitude#1,,SERVICE,
377,0.377,B,service,x43,x43.altitude,32,RequestService,x43.altitude#1,,SERVICE,,31,_valueCurrent=,2210.0,valueTarget=,1000.0,_speedCurrent=,10.0,speedChange=NONE,_isTerminating=false,isArrived=false
378,0.378,B,notify,x43,x43.altitude,33,RequestService,x43.altitude#1,,SERVICE,
378,0.378,B,service,x43,x43.altitude,33,RequestService,x43.altitude#1,,SERVICE,,32,_valueCurrent=,2200.0,valueTarget=,1000.0,_speedCurrent=,10.0,speedChange=NONE,_isTerminating=false,isArrived=false
379,0.379,B,notify,x43,x43.altitude,34,RequestService,x43.altitude#1,,SERVICE,
379,0.379,B,service,x43,x43.altitude,34,RequestService,x43.altitude#1,,SERVICE,,33,_valueCurrent=,2190.0,valueTarget=,1000.0,_speedCurrent=,10.0,speedChange=NONE,_isTerminating=false,isArrived=false
380,0.380,B,notify,x43,x43.altitude,35,RequestService,x43.altitude#1,,SERVICE,
380,0.380,B,service,x43,x43.altitude,35,RequestService,x43.altitude#1,,SERVICE,,34,_valueCurrent=,2180.0,valueTarget=,1000.0,_speedCurrent=,10.0,speedChange=NONE,_isTerminating=false,isArrived=false
381,0.381,B,notify,x43,x43.altitude,36,RequestService,x43.altitude#1,,SERVICE,
381,0.381,B,service,x43,x43.altitude,36,RequestService,x43.altitude#1,,SERVICE,,35,_valueCurrent=,2170.0,valueTarget=,1000.0,_speedCurrent=,10.0,speedChange=NONE,_isTerminating=false,isArrived=false
382,0.382,B,notify,x43,x43.altitude,37,RequestService,x43.altitude#1,,SERVICE,
382,0.382,B,service,x43,x43.altitude,37,RequestService,x43.altitude#1,,SERVICE,,36,_valueCurrent=,2160.0,valueTarget=,1000.0,_speedCurrent=,10.0,speedChange=NONE,_isTerminating=false,isArrived=false
383,0.383,B,notify,x43,x43.altitude,38,RequestService,x43.altitude#1,,SERVICE,
383,0.383,B,service,x43,x43.altitude,38,RequestService,x43.altitude#1,,SERVICE,,37,_valueCurrent=,2150.0,valueTarget=,1000.0,_speedCurrent=,10.0,speedChange=NONE,_isTerminating=false,isArrived=false
384,0.384,B,notify,x43,x43.altitude,39,RequestService,x43.altitude#1,,SERVICE,
384,0.384,B,service,x43,x43.altitude,39,RequestService,x43.altitude#1,,SERVICE,,38,_valueCurrent=,2140.0,valueTarget=,1000.0,_speedCurrent=,10.0,speedChange=NONE,_isTerminating=false,isArrived=false
385,0.385,B,notify,x43,x43.altitude,40,RequestService,x43.altitude#1,,SERVICE,
385,0.385,B,service,x43,x43.altitude,40,RequestService,x43.altitude#1,,SERVICE,,39,_valueCurrent=,2130.0,valueTarget=,1000.0,_speedCurrent=,10.0,speedChange=NONE,_isTerminating=false,isArrived=false
386,0.386,B,notify,x43,x43.altitude,41,RequestService,x43.altitude#1,,SERVICE,
386,0.386,B,service,x43,x43.altitude,41,RequestService,x43.altitude#1,,SERVICE,,40,_valueCurrent=,2120.0,valueTarget=,1000.0,_speedCurrent=,10.0,speedChange=NONE,_isTerminating=false,isArrived=false
387,0.387,B,notify,x43,x43.altitude,42,RequestService,x43.altitude#1,,SERVICE,
387,0.387,B,service,x43,x43.altitude,42,RequestService,x43.altitude#1,,SERVICE,,41,_valueCurrent=,2110.0,valueTarget=,1000.0,_speedCurrent=,10.0,speedChange=NONE,_isTerminating=false,isArrived=false
388,0.388,B,notify,x43,x43.altitude,43,RequestService,x43.altitude#1,,SERVICE,
388,0.388,B,service,x43,x43.altitude,43,RequestService,x43.altitude#1,,SERVICE,,42,_valueCurrent=,2100.0,valueTarget=,1000.0,_speedCurrent=,10.0,speedChange=NONE,_isTerminating=false,isArrived=false
389,0.389,B,notify,x43,x43.altitude,44,RequestService,x43.altitude#1,,SERVICE,
389,0.389,B,service,x43,x43.altitude,44,RequestService,x43.altitude#1,,SERVICE,,43,_valueCurrent=,2090.0,valueTarget=,1000.0,_speedCurrent=,10.0,speedChange=NONE,_isTerminating=false,isArrived=false
390,0.390,B,notify,x43,x43.altitude,45,RequestService,x43.altitude#1,,SERVICE,
390,0.390,B,service,x43,x43.altitude,45,RequestService,x43.altitude#1,,SERVICE,,44,_valueCurrent=,2080.0,valueTarget=,1000.0,_speedCurrent=,10.0,speedChange=NONE,_isTerminating=false,isArrived=false
391,0.391,B,notify,x43,x43.altitude,46,RequestService,x43.altitude#1,,SERVICE,
391,0.391,B,service,x43,x43.altitude,46,RequestService,x43.altitude#1,,SERVICE,,45,_valueCurrent=,2070.0,valueTarget=,1000.0,_speedCurrent=,10.0,speedChange=NONE,_isTerminating=false,isArrived=false
392,0.392,B,notify,x43,x43.altitude,47,RequestService,x43.altitude#1,,SERVICE,
392,0.392,B,service,x43,x43.altitude,47,RequestService,x43.altitude#1,,SERVICE,,46,_valueCurrent=,2060.0,valueTarget=,1000.0,_speedCurrent=,10.0,speedChange=NONE,_isTerminating=false,isArrived=false
393,0.393,B,notify,x43,x43.altitude,48,RequestService,x43.altitude#1,,SERVICE,
393,0.393,B,service,x43,x43.altitude,48,RequestService,x43.altitude#1,,SERVICE,,47,_valueCurrent=,2050.0,valueTarget=,1000.0,_speedCurrent=,10.0,speedChange=NONE,_isTerminating=false,isArrived=false
394,0.394,B,notify,x43,x43.altitude,49,RequestService,x43.altitude#1,,SERVICE,
394,0.394,B,service,x43,x43.altitude,49,RequestService,x43.altitude#1,,SERVICE,,48,_valueCurrent=,2040.0,valueTarget=,1000.0,_speedCurrent=,10.0,speedChange=NONE,_isTerminating=false,isArrived=false
395,0.395,B,notify,x43,x43.altitude,50,RequestService,x43.altitude#1,,SERVICE,
395,0.395,B,service,x43,x43.altitude,50,RequestService,x43.altitude#1,,SERVICE,,49,_valueCurrent=,2030.0,valueTarget=,1000.0,_speedCurrent=,10.0,speedChange=NONE,_isTerminating=false,isArrived=false
396,0.396,B,notify,x43,x43.altitude,51,RequestService,x43.altitude#1,,SERVICE,
396,0.396,B,service,x43,x43.altitude,51,RequestService,x43.altitude#1,,SERVICE,,50,_valueCurrent=,2020.0,valueTarget=,1000.0,_speedCurrent=,10.0,speedChange=NONE,_isTerminating=false,isArrived=false
397,0.397,B,notify,x43,x43.altitude,52,RequestService,x43.altitude#1,,SERVICE,
397,0.397,B,service,x43,x43.altitude,52,RequestService,x43.altitude#1,,SERVICE,,51,_valueCurrent=,2010.0,valueTarget=,1000.0,_speedCurrent=,10.0,speedChange=NONE,_isTerminating=false,isArrived=false
398,0.398,B,notify,x43,x43.altitude,53,RequestService,x43.altitude#1,,SERVICE,
398,0.398,B,service,x43,x43.altitude,53,RequestService,x43.altitude#1,,SERVICE,,52,_valueCurrent=,2000.0,valueTarget=,1000.0,_speedCurrent=,10.0,speedChange=NONE,_isTerminating=false,isArrived=false
399,0.399,B,notify,x43,x43.altitude,54,RequestService,x43.altitude#1,,SERVICE,
399,0.399,B,service,x43,x43.altitude,54,RequestService,x43.altitude#1,,SERVICE,,53,_valueCurrent=,1990.0,valueTarget=,1000.0,_speedCurrent=,10.0,speedChange=NONE,_isTerminating=false,isArrived=false
400,0.400,B,notify,x43,x43.altitude,55,RequestService,x43.altitude#1,,SERVICE,
400,0.400,B,service,x43,x43.altitude,55,RequestService,x43.altitude#1,,SERVICE,,54,_valueCurrent=,1980.0,valueTarget=,1000.0,_speedCurrent=,10.0,speedChange=NONE,_isTerminating=false,isArrived=false
401,0.401,B,notify,x43,x43.altitude,56,RequestService,x43.altitude#1,,SERVICE,
401,0.401,B,service,x43,x43.altitude,56,RequestService,x43.altitude#1,,SERVICE,,55,_valueCurrent=,1970.0,valueTarget=,1000.0,_speedCurrent=,10.0,speedChange=NONE,_isTerminating=false,isArrived=false
402,0.402,B,notify,x43,x43.altitude,57,RequestService,x43.altitude#1,,SERVICE,
402,0.402,B,service,x43,x43.altitude,57,RequestService,x43.altitude#1,,SERVICE,,56,_valueCurrent=,1960.0,valueTarget=,1000.0,_speedCurrent=,10.0,speedChange=NONE,_isTerminating=false,isArrived=false
403,0.403,B,notify,x43,x43.altitude,58,RequestService,x43.altitude#1,,SERVICE,
403,0.403,B,service,x43,x43.altitude,58,RequestService,x43.altitude#1,,SERVICE,,57,_valueCurrent=,1950.0,valueTarget=,1000.0,_speedCurrent=,10.0,speedChange=NONE,_isTerminating=false,isArrived=false
404,0.404,B,notify,x43,x43.altitude,59,RequestService,x43.altitude#1,,SERVICE,
404,0.404,B,service,x43,x43.altitude,59,RequestService,x43.altitude#1,,SERVICE,,58,_valueCurrent=,1940.0,valueTarget=,1000.0,_speedCurrent=,10.0,speedChange=NONE,_isTerminating=false,isArrived=false
405,0.405,B,notify,x43,x43.altitude,60,RequestService,x43.altitude#1,,SERVICE,
405,0.405,B,service,x43,x43.altitude,60,RequestService,x43.altitude#1,,SERVICE,,59,_valueCurrent=,1930.0,valueTarget=,1000.0,_speedCurrent=,10.0,speedChange=NONE,_isTerminating=false,isArrived=false
406,0.406,B,notify,x43,x43.altitude,61,RequestService,x43.altitude#1,,SERVICE,
406,0.406,B,service,x43,x43.altitude,61,RequestService,x43.altitude#1,,SERVICE,,60,_valueCurrent=,1920.0,valueTarget=,1000.0,_speedCurrent=,10.0,speedChange=NONE,_isTerminating=false,isArrived=false
407,0.407,B,notify,x43,x43.altitude,62,RequestService,x43.altitude#1,,SERVICE,
407,0.407,B,service,x43,x43.altitude,62,RequestService,x43.altitude#1,,SERVICE,,61,_valueCurrent=,1910.0,valueTarget=,1000.0,_speedCurrent=,10.0,speedChange=NONE,_isTerminating=false,isArrived=false
408,0.408,B,notify,x43,x43.altitude,63,RequestService,x43.altitude#1,,SERVICE,
408,0.408,B,service,x43,x43.altitude,63,RequestService,x43.altitude#1,,SERVICE,,62,_valueCurrent=,1900.0,valueTarget=,1000.0,_speedCurrent=,10.0,speedChange=NONE,_isTerminating=false,isArrived=false
409,0.409,B,notify,x43,x43.altitude,64,RequestService,x43.altitude#1,,SERVICE,
409,0.409,B,service,x43,x43.altitude,64,RequestService,x43.altitude#1,,SERVICE,,63,_valueCurrent=,1890.0,valueTarget=,1000.0,_speedCurrent=,10.0,speedChange=NONE,_isTerminating=false,isArrived=false
410,0.410,B,notify,x43,x43.altitude,65,RequestService,x43.altitude#1,,SERVICE,
410,0.410,B,service,x43,x43.altitude,65,RequestService,x43.altitude#1,,SERVICE,,64,_valueCurrent=,1880.0,valueTarget=,1000.0,_speedCurrent=,10.0,speedChange=NONE,_isTerminating=false,isArrived=false
411,0.411,B,notify,x43,x43.altitude,66,RequestService,x43.altitude#1,,SERVICE,
411,0.411,B,service,x43,x43.altitude,66,RequestService,x43.altitude#1,,SERVICE,,65,_valueCurrent=,1870.0,valueTarget=,1000.0,_speedCurrent=,10.0,speedChange=NONE,_isTerminating=false,isArrived=false
412,0.412,B,notify,x43,x43.altitude,67,RequestService,x43.altitude#1,,SERVICE,
412,0.412,B,service,x43,x43.altitude,67,RequestService,x43.altitude#1,,SERVICE,,66,_valueCurrent=,1860.0,valueTarget=,1000.0,_speedCurrent=,10.0,speedChange=NONE,_isTerminating=false,isArrived=false
413,0.413,B,notify,x43,x43.altitude,68,RequestService,x43.altitude#1,,SERVICE,
413,0.413,B,service,x43,x43.altitude,68,RequestService,x43.altitude#1,,SERVICE,,67,_valueCurrent=,1850.0,valueTarget=,1000.0,_speedCurrent=,10.0,speedChange=NONE,_isTerminating=false,isArrived=false
414,0.414,B,notify,x43,x43.altitude,69,RequestService,x43.altitude#1,,SERVICE,
414,0.414,B,service,x43,x43.altitude,69,RequestService,x43.altitude#1,,SERVICE,,68,_valueCurrent=,1840.0,valueTarget=,1000.0,_speedCurrent=,10.0,speedChange=NONE,_isTerminating=false,isArrived=false
415,0.415,B,notify,x43,x43.altitude,70,RequestService,x43.altitude#1,,SERVICE,
415,0.415,B,service,x43,x43.altitude,70,RequestService,x43.altitude#1,,SERVICE,,69,_valueCurrent=,1830.0,valueTarget=,1000.0,_speedCurrent=,10.0,speedChange=NONE,_isTerminating=false,isArrived=false
416,0.416,B,notify,x43,x43.altitude,71,RequestService,x43.altitude#1,,SERVICE,
416,0.416,B,service,x43,x43.altitude,71,RequestService,x43.altitude#1,,SERVICE,,70,_valueCurrent=,1820.0,valueTarget=,1000.0,_speedCurrent=,10.0,speedChange=NONE,_isTerminating=false,isArrived=false
417,0.417,B,notify,x43,x43.altitude,72,RequestService,x43.altitude#1,,SERVICE,
417,0.417,B,service,x43,x43.altitude,72,RequestService,x43.altitude#1,,SERVICE,,71,_valueCurrent=,1810.0,valueTarget=,1000.0,_speedCurrent=,10.0,speedChange=NONE,_isTerminating=false,isArrived=false
418,0.418,B,notify,x43,x43.altitude,73,RequestService,x43.altitude#1,,SERVICE,
418,0.418,B,service,x43,x43.altitude,73,RequestService,x43.altitude#1,,SERVICE,,72,_valueCurrent=,1800.0,valueTarget=,1000.0,_speedCurrent=,10.0,speedChange=NONE,_isTerminating=false,isArrived=false
419,0.419,B,notify,x43,x43.altitude,74,RequestService,x43.altitude#1,,SERVICE,
419,0.419,B,service,x43,x43.altitude,74,RequestService,x43.altitude#1,,SERVICE,,73,_valueCurrent=,1790.0,valueTarget=,1000.0,_speedCurrent=,10.0,speedChange=NONE,_isTerminating=false,isArrived=false
420,0.420,B,notify,x43,x43.altitude,75,RequestService,x43.altitude#1,,SERVICE,
420,0.420,B,service,x43,x43.altitude,75,RequestService,x43.altitude#1,,SERVICE,,74,_valueCurrent=,1780.0,valueTarget=,1000.0,_speedCurrent=,10.0,speedChange=NONE,_isTerminating=false,isArrived=false
421,0.421,B,notify,x43,x43.altitude,76,RequestService,x43.altitude#1,,SERVICE,
421,0.421,B,service,x43,x43.altitude,76,RequestService,x43.altitude#1,,SERVICE,,75,_valueCurrent=,1770.0,valueTarget=,1000.0,_speedCurrent=,10.0,speedChange=NONE,_isTerminating=false,isArrived=false
422,0.422,B,notify,x43,x43.altitude,77,RequestService,x43.altitude#1,,SERVICE,
422,0.422,B,service,x43,x43.altitude,77,RequestService,x43.altitude#1,,SERVICE,,76,_valueCurrent=,1760.0,valueTarget=,1000.0,_speedCurrent=,10.0,speedChange=NONE,_isTerminating=false,isArrived=false
423,0.423,B,notify,x43,x43.altitude,78,RequestService,x43.altitude#1,,SERVICE,
423,0.423,B,service,x43,x43.altitude,78,RequestService,x43.altitude#1,,SERVICE,,77,_valueCurrent=,1750.0,valueTarget=,1000.0,_speedCurrent=,10.0,speedChange=NONE,_isTerminating=false,isArrived=false
424,0.424,B,notify,x43,x43.altitude,79,RequestService,x43.altitude#1,,SERVICE,
424,0.424,B,service,x43,x43.altitude,79,RequestService,x43.altitude#1,,SERVICE,,78,_valueCurrent=,1740.0,valueTarget=,1000.0,_speedCurrent=,10.0,speedChange=NONE,_isTerminating=false,isArrived=false
425,0.425,B,notify,x43,x43.altitude,80,RequestService,x43.altitude#1,,SERVICE,
425,0.425,B,service,x43,x43.altitude,80,RequestService,x43.altitude#1,,SERVICE,,79,_valueCurrent=,1730.0,valueTarget=,1000.0,_speedCurrent=,10.0,speedChange=NONE,_isTerminating=false,isArrived=false
426,0.426,B,notify,x43,x43.altitude,81,RequestService,x43.altitude#1,,SERVICE,
426,0.426,B,service,x43,x43.altitude,81,RequestService,x43.altitude#1,,SERVICE,,80,_valueCurrent=,1720.0,valueTarget=,1000.0,_speedCurrent=,10.0,speedChange=NONE,_isTerminating=false,isArrived=false
427,0.427,B,notify,x43,x43.altitude,82,RequestService,x43.altitude#1,,SERVICE,
427,0.427,B,service,x43,x43.altitude,82,RequestService,x43.altitude#1,,SERVICE,,81,_valueCurrent=,1710.0,valueTarget=,1000.0,_speedCurrent=,10.0,speedChange=NONE,_isTerminating=false,isArrived=false
428,0.428,B,notify,x43,x43.altitude,83,RequestService,x43.altitude#1,,SERVICE,
428,0.428,B,service,x43,x43.altitude,83,RequestService,x43.altitude#1,,SERVICE,,82,_valueCurrent=,1700.0,valueTarget=,1000.0,_speedCurrent=,10.0,speedChange=NONE,_isTerminating=false,isArrived=false
429,0.429,B,notify,x43,x43.altitude,84,RequestService,x43.altitude#1,,SERVICE,
429,0.429,B,service,x43,x43.altitude,84,RequestService,x43.altitude#1,,SERVICE,,83,_valueCurrent=,1690.0,valueTarget=,1000.0,_speedCurrent=,10.0,speedChange=NONE,_isTerminating=false,isArrived=false
430,0.430,B,notify,x43,x43.altitude,85,RequestService,x43.altitude#1,,SERVICE,
430,0.430,B,service,x43,x43.altitude,85,RequestService,x43.altitude#1,,SERVICE,,84,_valueCurrent=,1680.0,valueTarget=,1000.0,_speedCurrent=,10.0,speedChange=NONE,_isTerminating=false,isArrived=false
431,0.431,B,notify,x43,x43.altitude,86,RequestService,x43.altitude#1,,SERVICE,
431,0.431,B,service,x43,x43.altitude,86,RequestService,x43.altitude#1,,SERVICE,,85,_valueCurrent=,1670.0,valueTarget=,1000.0,_speedCurrent=,10.0,speedChange=NONE,_isTerminating=false,isArrived=false
432,0.432,B,notify,x43,x43.altitude,87,RequestService,x43.altitude#1,,SERVICE,
432,0.432,B,service,x43,x43.altitude,87,RequestService,x43.altitude#1,,SERVICE,,86,_valueCurrent=,1660.0,valueTarget=,1000.0,_speedCurrent=,10.0,speedChange=NONE,_isTerminating=false,isArrived=false
433,0.433,B,notify,x43,x43.altitude,88,RequestService,x43.altitude#1,,SERVICE,
433,0.433,B,service,x43,x43.altitude,88,RequestService,x43.altitude#1,,SERVICE,,87,_valueCurrent=,1650.0,valueTarget=,1000.0,_speedCurrent=,10.0,speedChange=NONE,_isTerminating=false,isArrived=false
434,0.434,B,notify,x43,x43.altitude,89,RequestService,x43.altitude#1,,SERVICE,
434,0.434,B,service,x43,x43.altitude,89,RequestService,x43.altitude#1,,SERVICE,,88,_valueCurrent=,1640.0,valueTarget=,1000.0,_speedCurrent=,10.0,speedChange=NONE,_isTerminating=false,isArrived=false
435,0.435,B,notify,x43,x43.altitude,90,RequestService,x43.altitude#1,,SERVICE,
435,0.435,B,service,x43,x43.altitude,90,RequestService,x43.altitude#1,,SERVICE,,89,_valueCurrent=,1630.0,valueTarget=,1000.0,_speedCurrent=,10.0,speedChange=NONE,_isTerminating=false,isArrived=false
436,0.436,B,notify,x43,x43.altitude,91,RequestService,x43.altitude#1,,SERVICE,
436,0.436,B,service,x43,x43.altitude,91,RequestService,x43.altitude#1,,SERVICE,,90,_valueCurrent=,1620.0,valueTarget=,1000.0,_speedCurrent=,10.0,speedChange=NONE,_isTerminating=false,isArrived=false
437,0.437,B,notify,x43,x43.altitude,92,RequestService,x43.altitude#1,,SERVICE,
437,0.437,B,service,x43,x43.altitude,92,RequestService,x43.altitude#1,,SERVICE,,91,_valueCurrent=,1610.0,valueTarget=,1000.0,_speedCurrent=,10.0,speedChange=NONE,_isTerminating=false,isArrived=false
438,0.438,B,notify,x43,x43.altitude,93,RequestService,x43.altitude#1,,SERVICE,
438,0.438,B,service,x43,x43.altitude,93,RequestService,x43.altitude#1,,SERVICE,,92,_valueCurrent=,1600.0,valueTarget=,1000.0,_speedCurrent=,10.0,speedChange=NONE,_isTerminating=false,isArrived=false
439,0.439,B,notify,x43,x43.altitude,94,RequestService,x43.altitude#1,,SERVICE,
439,0.439,B,service,x43,x43.altitude,94,RequestService,x43.altitude#1,,SERVICE,,93,_valueCurrent=,1590.0,valueTarget=,1000.0,_speedCurrent=,10.0,speedChange=NONE,_isTerminating=false,isArrived=false
440,0.440,B,notify,x43,x43.altitude,95,RequestService,x43.altitude#1,,SERVICE,
440,0.440,B,service,x43,x43.altitude,95,RequestService,x43.altitude#1,,SERVICE,,94,_valueCurrent=,1580.0,valueTarget=,1000.0,_speedCurrent=,10.0,speedChange=NONE,_isTerminating=false,isArrived=false
441,0.441,B,notify,x43,x43.altitude,96,RequestService,x43.altitude#1,,SERVICE,
441,0.441,B,service,x43,x43.altitude,96,RequestService,x43.altitude#1,,SERVICE,,95,_valueCurrent=,1570.0,valueTarget=,1000.0,_speedCurrent=,10.0,speedChange=NONE,_isTerminating=false,isArrived=false
442,0.442,B,notify,x43,x43.altitude,97,RequestService,x43.altitude#1,,SERVICE,
442,0.442,B,service,x43,x43.altitude,97,RequestService,x43.altitude#1,,SERVICE,,96,_valueCurrent=,1560.0,valueTarget=,1000.0,_speedCurrent=,10.0,speedChange=NONE,_isTerminating=false,isArrived=false
443,0.443,B,notify,x43,x43.altitude,98,RequestService,x43.altitude#1,,SERVICE,
443,0.443,B,service,x43,x43.altitude,98,RequestService,x43.altitude#1,,SERVICE,,97,_valueCurrent=,1550.0,valueTarget=,1000.0,_speedCurrent=,10.0,speedChange=NONE,_isTerminating=false,isArrived=false
444,0.444,B,notify,x43,x43.altitude,99,RequestService,x43.altitude#1,,SERVICE,
444,0.444,B,service,x43,x43.altitude,99,RequestService,x43.altitude#1,,SERVICE,,98,_valueCurrent=,1540.0,valueTarget=,1000.0,_speedCurrent=,10.0,speedChange=NONE,_isTerminating=false,isArrived=false
445,0.445,B,notify,x43,x43.altitude,100,RequestService,x43.altitude#1,,SERVICE,
445,0.445,B,service,x43,x43.altitude,100,RequestService,x43.altitude#1,,SERVICE,,99,_valueCurrent=,1530.0,valueTarget=,1000.0,_speedCurrent=,10.0,speedChange=NONE,_isTerminating=false,isArrived=false
446,0.446,B,notify,x43,x43.altitude,101,RequestService,x43.altitude#1,,SERVICE,
446,0.446,B,service,x43,x43.altitude,101,RequestService,x43.altitude#1,,SERVICE,,100,_valueCurrent=,1520.0,valueTarget=,1000.0,_speedCurrent=,10.0,speedChange=NONE,_isTerminating=false,isArrived=false
447,0.447,B,notify,x43,x43.altitude,102,RequestService,x43.altitude#1,,SERVICE,
447,0.447,B,service,x43,x43.altitude,102,RequestService,x43.altitude#1,,SERVICE,,101,_valueCurrent=,1510.0,valueTarget=,1000.0,_speedCurrent=,10.0,speedChange=NONE,_isTerminating=false,isArrived=false
448,0.448,B,notify,x43,x43.altitude,103,RequestService,x43.altitude#1,,SERVICE,
448,0.448,B,service,x43,x43.altitude,103,RequestService,x43.altitude#1,,SERVICE,,102,_valueCurrent=,1500.0,valueTarget=,1000.0,_speedCurrent=,10.0,speedChange=NONE,_isTerminating=false,isArrived=false
449,0.449,B,notify,x43,x43.altitude,104,RequestService,x43.altitude#1,,SERVICE,
449,0.449,B,service,x43,x43.altitude,104,RequestService,x43.altitude#1,,SERVICE,,103,_valueCurrent=,1490.0,valueTarget=,1000.0,_speedCurrent=,10.0,speedChange=NONE,_isTerminating=false,isArrived=false
450,0.450,B,notify,x43,x43.altitude,105,RequestService,x43.altitude#1,,SERVICE,
450,0.450,B,service,x43,x43.altitude,105,RequestService,x43.altitude#1,,SERVICE,,104,_valueCurrent=,1480.0,valueTarget=,1000.0,_speedCurrent=,10.0,speedChange=NONE,_isTerminating=false,isArrived=false
451,0.451,B,notify,x43,x43.altitude,106,RequestService,x43.altitude#1,,SERVICE,
451,0.451,B,service,x43,x43.altitude,106,RequestService,x43.altitude#1,,SERVICE,,105,_valueCurrent=,1470.0,valueTarget=,1000.0,_speedCurrent=,10.0,speedChange=NONE,_isTerminating=false,isArrived=false
452,0.452,B,notify,x43,x43.altitude,107,RequestService,x43.altitude#1,,SERVICE,
452,0.452,B,service,x43,x43.altitude,107,RequestService,x43.altitude#1,,SERVICE,,106,_valueCurrent=,1460.0,valueTarget=,1000.0,_speedCurrent=,10.0,speedChange=NONE,_isTerminating=false,isArrived=false
453,0.453,B,notify,x43,x43.altitude,108,RequestService,x43.altitude#1,,SERVICE,
453,0.453,B,service,x43,x43.altitude,108,RequestService,x43.altitude#1,,SERVICE,,107,_valueCurrent=,1450.0,valueTarget=,1000.0,_speedCurrent=,10.0,speedChange=NONE,_isTerminating=false,isArrived=false
454,0.454,B,notify,x43,x43.altitude,109,RequestService,x43.altitude#1,,SERVICE,
454,0.454,B,service,x43,x43.altitude,109,RequestService,x43.altitude#1,,SERVICE,,108,_valueCurrent=,1440.0,valueTarget=,1000.0,_speedCurrent=,10.0,speedChange=NONE,_isTerminating=false,isArrived=false
455,0.455,B,notify,x43,x43.altitude,110,RequestService,x43.altitude#1,,SERVICE,
455,0.455,B,service,x43,x43.altitude,110,RequestService,x43.altitude#1,,SERVICE,,109,_valueCurrent=,1430.0,valueTarget=,1000.0,_speedCurrent=,10.0,speedChange=NONE,_isTerminating=false,isArrived=false
456,0.456,B,notify,x43,x43.altitude,111,RequestService,x43.altitude#1,,SERVICE,
456,0.456,B,service,x43,x43.altitude,111,RequestService,x43.altitude#1,,SERVICE,,110,_valueCurrent=,1420.0,valueTarget=,1000.0,_speedCurrent=,10.0,speedChange=NONE,_isTerminating=false,isArrived=false
457,0.457,B,notify,x43,x43.altitude,112,RequestService,x43.altitude#1,,SERVICE,
457,0.457,B,service,x43,x43.altitude,112,RequestService,x43.altitude#1,,SERVICE,,111,_valueCurrent=,1410.0,valueTarget=,1000.0,_speedCurrent=,10.0,speedChange=NONE,_isTerminating=false,isArrived=false
458,0.458,B,notify,x43,x43.altitude,113,RequestService,x43.altitude#1,,SERVICE,
458,0.458,B,service,x43,x43.altitude,113,RequestService,x43.altitude#1,,SERVICE,,112,_valueCurrent=,1400.0,valueTarget=,1000.0,_speedCurrent=,10.0,speedChange=NONE,_isTerminating=false,isArrived=false
459,0.459,B,notify,x43,x43.altitude,114,RequestService,x43.altitude#1,,SERVICE,
459,0.459,B,service,x43,x43.altitude,114,RequestService,x43.altitude#1,,SERVICE,,113,_valueCurrent=,1390.0,valueTarget=,1000.0,_speedCurrent=,10.0,speedChange=NONE,_isTerminating=false,isArrived=false
460,0.460,B,notify,x43,x43.altitude,115,RequestService,x43.altitude#1,,SERVICE,
460,0.460,B,service,x43,x43.altitude,115,RequestService,x43.altitude#1,,SERVICE,,114,_valueCurrent=,1380.0,valueTarget=,1000.0,_speedCurrent=,10.0,speedChange=NONE,_isTerminating=false,isArrived=false
461,0.461,B,notify,x43,x43.altitude,116,RequestService,x43.altitude#1,,SERVICE,
461,0.461,B,service,x43,x43.altitude,116,RequestService,x43.altitude#1,,SERVICE,,115,_valueCurrent=,1370.0,valueTarget=,1000.0,_speedCurrent=,8.0,speedChange=DECELERATING,_isTerminating=false,isArrived=false
462,0.462,B,notify,x43,x43.altitude,117,RequestService,x43.altitude#1,,SERVICE,
462,0.462,B,service,x43,x43.altitude,117,RequestService,x43.altitude#1,,SERVICE,,116,_valueCurrent=,1362.0,valueTarget=,1000.0,_speedCurrent=,6.0,speedChange=DECELERATING,_isTerminating=false,isArrived=false
463,0.463,B,notify,x43,x43.altitude,118,RequestService,x43.altitude#1,,SERVICE,
463,0.463,B,service,x43,x43.altitude,118,RequestService,x43.altitude#1,,SERVICE,,117,_valueCurrent=,1356.0,valueTarget=,1000.0,_speedCurrent=,4.0,speedChange=DECELERATING,_isTerminating=false,isArrived=false
464,0.464,B,notify,x43,x43.altitude,119,RequestService,x43.altitude#1,,SERVICE,
464,0.464,B,service,x43,x43.altitude,119,RequestService,x43.altitude#1,,SERVICE,,118,_valueCurrent=,1352.0,valueTarget=,1000.0,_speedCurrent=,2.0,speedChange=NONE,_isTerminating=false,isArrived=false
465,0.465,B,notify,x43,x43.altitude,120,RequestService,x43.altitude#1,,SERVICE,
465,0.465,B,service,x43,x43.altitude,120,RequestService,x43.altitude#1,,SERVICE,,119,_valueCurrent=,1350.0,valueTarget=,1000.0,_speedCurrent=,2.0,speedChange=NONE,_isTerminating=false,isArrived=false
466,0.466,B,notify,x43,x43.altitude,121,RequestService,x43.altitude#1,,SERVICE,
466,0.466,B,service,x43,x43.altitude,121,RequestService,x43.altitude#1,,SERVICE,,120,_valueCurrent=,1348.0,valueTarget=,1000.0,_speedCurrent=,2.0,speedChange=NONE,_isTerminating=false,isArrived=false
467,0.467,B,notify,x43,x43.altitude,122,RequestService,x43.altitude#1,,SERVICE,
467,0.467,B,service,x43,x43.altitude,122,RequestService,x43.altitude#1,,SERVICE,,121,_valueCurrent=,1346.0,valueTarget=,1000.0,_speedCurrent=,2.0,speedChange=NONE,_isTerminating=false,isArrived=false
468,0.468,B,notify,x43,x43.altitude,123,RequestService,x43.altitude#1,,SERVICE,
468,0.468,B,service,x43,x43.altitude,123,RequestService,x43.altitude#1,,SERVICE,,122,_valueCurrent=,1344.0,valueTarget=,1000.0,_speedCurrent=,2.0,speedChange=NONE,_isTerminating=false,isArrived=false
469,0.469,B,notify,x43,x43.altitude,124,RequestService,x43.altitude#1,,SERVICE,
469,0.469,B,service,x43,x43.altitude,124,RequestService,x43.altitude#1,,SERVICE,,123,_valueCurrent=,1342.0,valueTarget=,1000.0,_speedCurrent=,2.0,speedChange=NONE,_isTerminating=false,isArrived=false
470,0.470,B,notify,x43,x43.altitude,125,RequestService,x43.altitude#1,,SERVICE,
470,0.470,B,service,x43,x43.altitude,125,RequestService,x43.altitude#1,,SERVICE,,124,_valueCurrent=,1340.0,valueTarget=,1000.0,_speedCurrent=,2.0,speedChange=NONE,_isTerminating=false,isArrived=false
471,0.471,B,notify,x43,x43.altitude,126,RequestService,x43.altitude#1,,SERVICE,
471,0.471,B,service,x43,x43.altitude,126,RequestService,x43.altitude#1,,SERVICE,,125,_valueCurrent=,1338.0,valueTarget=,1000.0,_speedCurrent=,2.0,speedChange=NONE,_isTerminating=false,isArrived=false
472,0.472,B,notify,x43,x43.altitude,127,RequestService,x43.altitude#1,,SERVICE,
472,0.472,B,service,x43,x43.altitude,127,RequestService,x43.altitude#1,,SERVICE,,126,_valueCurrent=,1336.0,valueTarget=,1000.0,_speedCurrent=,2.0,speedChange=NONE,_isTerminating=false,isArrived=false
473,0.473,B,notify,x43,x43.altitude,128,RequestService,x43.altitude#1,,SERVICE,
473,0.473,B,service,x43,x43.altitude,128,RequestService,x43.altitude#1,,SERVICE,,127,_valueCurrent=,1334.0,valueTarget=,1000.0,_speedCurrent=,2.0,speedChange=NONE,_isTerminating=false,isArrived=false
474,0.474,B,notify,x43,x43.altitude,129,RequestService,x43.altitude#1,,SERVICE,
474,0.474,B,service,x43,x43.altitude,129,RequestService,x43.altitude#1,,SERVICE,,128,_valueCurrent=,1332.0,valueTarget=,1000.0,_speedCurrent=,2.0,speedChange=NONE,_isTerminating=false,isArrived=false
475,0.475,B,notify,x43,x43.altitude,130,RequestService,x43.altitude#1,,SERVICE,
475,0.475,B,service,x43,x43.altitude,130,RequestService,x43.altitude#1,,SERVICE,,129,_valueCurrent=,1330.0,valueTarget=,1000.0,_speedCurrent=,2.0,speedChange=NONE,_isTerminating=false,isArrived=false
476,0.476,B,notify,x43,x43.altitude,131,RequestService,x43.altitude#1,,SERVICE,
476,0.476,B,service,x43,x43.altitude,131,RequestService,x43.altitude#1,,SERVICE,,130,_valueCurrent=,1328.0,valueTarget=,1000.0,_speedCurrent=,2.0,speedChange=NONE,_isTerminating=false,isArrived=false
477,0.477,B,notify,x43,x43.altitude,132,RequestService,x43.altitude#1,,SERVICE,
477,0.477,B,service,x43,x43.altitude,132,RequestService,x43.altitude#1,,SERVICE,,131,_valueCurrent=,1326.0,valueTarget=,1000.0,_speedCurrent=,2.0,speedChange=NONE,_isTerminating=false,isArrived=false
478,0.478,B,notify,x43,x43.altitude,133,RequestService,x43.altitude#1,,SERVICE,
478,0.478,B,service,x43,x43.altitude,133,RequestService,x43.altitude#1,,SERVICE,,132,_valueCurrent=,1324.0,valueTarget=,1000.0,_speedCurrent=,2.0,speedChange=NONE,_isTerminating=false,isArrived=false
479,0.479,B,notify,x43,x43.altitude,134,RequestService,x43.altitude#1,,SERVICE,
479,0.479,B,service,x43,x43.altitude,134,RequestService,x43.altitude#1,,SERVICE,,133,_valueCurrent=,1322.0,valueTarget=,1000.0,_speedCurrent=,2.0,speedChange=NONE,_isTerminating=false,isArrived=false
480,0.480,B,notify,x43,x43.altitude,135,RequestService,x43.altitude#1,,SERVICE,
480,0.480,B,service,x43,x43.altitude,135,RequestService,x43.altitude#1,,SERVICE,,134,_valueCurrent=,1320.0,valueTarget=,1000.0,_speedCurrent=,2.0,speedChange=NONE,_isTerminating=false,isArrived=false
481,0.481,B,notify,x43,x43.altitude,136,RequestService,x43.altitude#1,,SERVICE,
481,0.481,B,service,x43,x43.altitude,136,RequestService,x43.altitude#1,,SERVICE,,135,_valueCurrent=,1318.0,valueTarget=,1000.0,_speedCurrent=,2.0,speedChange=NONE,_isTerminating=false,isArrived=false
482,0.482,B,notify,x43,x43.altitude,137,RequestService,x43.altitude#1,,SERVICE,
482,0.482,B,service,x43,x43.altitude,137,RequestService,x43.altitude#1,,SERVICE,,136,_valueCurrent=,1316.0,valueTarget=,1000.0,_speedCurrent=,2.0,speedChange=NONE,_isTerminating=false,isArrived=false
483,0.483,B,notify,x43,x43.altitude,138,RequestService,x43.altitude#1,,SERVICE,
483,0.483,B,service,x43,x43.altitude,138,RequestService,x43.altitude#1,,SERVICE,,137,_valueCurrent=,1314.0,valueTarget=,1000.0,_speedCurrent=,2.0,speedChange=NONE,_isTerminating=false,isArrived=false
484,0.484,B,notify,x43,x43.altitude,139,RequestService,x43.altitude#1,,SERVICE,
484,0.484,B,service,x43,x43.altitude,139,RequestService,x43.altitude#1,,SERVICE,,138,_valueCurrent=,1312.0,valueTarget=,1000.0,_speedCurrent=,2.0,speedChange=NONE,_isTerminating=false,isArrived=false
485,0.485,B,notify,x43,x43.altitude,140,RequestService,x43.altitude#1,,SERVICE,
485,0.485,B,service,x43,x43.altitude,140,RequestService,x43.altitude#1,,SERVICE,,139,_valueCurrent=,1310.0,valueTarget=,1000.0,_speedCurrent=,2.0,speedChange=NONE,_isTerminating=false,isArrived=false
486,0.486,B,notify,x43,x43.altitude,141,RequestService,x43.altitude#1,,SERVICE,
486,0.486,B,service,x43,x43.altitude,141,RequestService,x43.altitude#1,,SERVICE,,140,_valueCurrent=,1308.0,valueTarget=,1000.0,_speedCurrent=,2.0,speedChange=NONE,_isTerminating=false,isArrived=false
487,0.487,B,notify,x43,x43.altitude,142,RequestService,x43.altitude#1,,SERVICE,
487,0.487,B,service,x43,x43.altitude,142,RequestService,x43.altitude#1,,SERVICE,,141,_valueCurrent=,1306.0,valueTarget=,1000.0,_speedCurrent=,2.0,speedChange=NONE,_isTerminating=false,isArrived=false
488,0.488,B,notify,x43,x43.altitude,143,RequestService,x43.altitude#1,,SERVICE,
488,0.488,B,service,x43,x43.altitude,143,RequestService,x43.altitude#1,,SERVICE,,142,_valueCurrent=,1304.0,valueTarget=,1000.0,_speedCurrent=,2.0,speedChange=NONE,_isTerminating=false,isArrived=false
489,0.489,B,notify,x43,x43.altitude,144,RequestService,x43.altitude#1,,SERVICE,
489,0.489,B,service,x43,x43.altitude,144,RequestService,x43.altitude#1,,SERVICE,,143,_valueCurrent=,1302.0,valueTarget=,1000.0,_speedCurrent=,2.0,speedChange=NONE,_isTerminating=false,isArrived=false
490,0.490,B,notify,x43,x43.altitude,145,RequestService,x43.altitude#1,,SERVICE,
490,0.490,B,service,x43,x43.altitude,145,RequestService,x43.altitude#1,,SERVICE,,144,_valueCurrent=,1300.0,valueTarget=,1000.0,_speedCurrent=,2.0,speedChange=NONE,_isTerminating=false,isArrived=false
491,0.491,B,notify,x43,x43.altitude,146,RequestService,x43.altitude#1,,SERVICE,
491,0.491,B,service,x43,x43.altitude,146,RequestService,x43.altitude#1,,SERVICE,,145,_valueCurrent=,1298.0,valueTarget=,1000.0,_speedCurrent=,2.0,speedChange=NONE,_isTerminating=false,isArrived=false
492,0.492,B,notify,x43,x43.altitude,147,RequestService,x43.altitude#1,,SERVICE,
492,0.492,B,service,x43,x43.altitude,147,RequestService,x43.altitude#1,,SERVICE,,146,_valueCurrent=,1296.0,valueTarget=,1000.0,_speedCurrent=,2.0,speedChange=NONE,_isTerminating=false,isArrived=false
493,0.493,B,notify,x43,x43.altitude,148,RequestService,x43.altitude#1,,SERVICE,
493,0.493,B,service,x43,x43.altitude,148,RequestService,x43.altitude#1,,SERVICE,,147,_valueCurrent=,1294.0,valueTarget=,1000.0,_speedCurrent=,2.0,speedChange=NONE,_isTerminating=false,isArrived=false
494,0.494,B,notify,x43,x43.altitude,149,RequestService,x43.altitude#1,,SERVICE,
494,0.494,B,service,x43,x43.altitude,149,RequestService,x43.altitude#1,,SERVICE,,148,_valueCurrent=,1292.0,valueTarget=,1000.0,_speedCurrent=,2.0,speedChange=NONE,_isTerminating=false,isArrived=false
495,0.495,B,notify,x43,x43.altitude,150,RequestService,x43.altitude#1,,SERVICE,
495,0.495,B,service,x43,x43.altitude,150,RequestService,x43.altitude#1,,SERVICE,,149,_valueCurrent=,1290.0,valueTarget=,1000.0,_speedCurrent=,2.0,speedChange=NONE,_isTerminating=false,isArrived=false
496,0.496,B,notify,x43,x43.altitude,151,RequestService,x43.altitude#1,,SERVICE,
496,0.496,B,service,x43,x43.altitude,151,RequestService,x43.altitude#1,,SERVICE,,150,_valueCurrent=,1288.0,valueTarget=,1000.0,_speedCurrent=,2.0,speedChange=NONE,_isTerminating=false,isArrived=false
497,0.497,B,notify,x43,x43.altitude,152,RequestService,x43.altitude#1,,SERVICE,
497,0.497,B,service,x43,x43.altitude,152,RequestService,x43.altitude#1,,SERVICE,,151,_valueCurrent=,1286.0,valueTarget=,1000.0,_speedCurrent=,2.0,speedChange=NONE,_isTerminating=false,isArrived=false
498,0.498,B,notify,x43,x43.altitude,153,RequestService,x43.altitude#1,,SERVICE,
498,0.498,B,service,x43,x43.altitude,153,RequestService,x43.altitude#1,,SERVICE,,152,_valueCurrent=,1284.0,valueTarget=,1000.0,_speedCurrent=,2.0,speedChange=NONE,_isTerminating=false,isArrived=false
499,0.499,B,notify,x43,x43.altitude,154,RequestService,x43.altitude#1,,SERVICE,
499,0.499,B,service,x43,x43.altitude,154,RequestService,x43.altitude#1,,SERVICE,,153,_valueCurrent=,1282.0,valueTarget=,1000.0,_speedCurrent=,2.0,speedChange=NONE,_isTerminating=false,isArrived=false
500,0.500,B,notify,x43,x43.altitude,155,RequestService,x43.altitude#1,,SERVICE,
500,0.500,B,service,x43,x43.altitude,155,RequestService,x43.altitude#1,,SERVICE,,154,_valueCurrent=,1280.0,valueTarget=,1000.0,_speedCurrent=,2.0,speedChange=NONE,_isTerminating=false,isArrived=false
501,0.501,B,notify,x43,x43.altitude,156,RequestService,x43.altitude#1,,SERVICE,
501,0.501,B,service,x43,x43.altitude,156,RequestService,x43.altitude#1,,SERVICE,,155,_valueCurrent=,1278.0,valueTarget=,1000.0,_speedCurrent=,2.0,speedChange=NONE,_isTerminating=false,isArrived=false
502,0.502,B,notify,x43,x43.altitude,157,RequestService,x43.altitude#1,,SERVICE,
502,0.502,B,service,x43,x43.altitude,157,RequestService,x43.altitude#1,,SERVICE,,156,_valueCurrent=,1276.0,valueTarget=,1000.0,_speedCurrent=,2.0,speedChange=NONE,_isTerminating=false,isArrived=false
503,0.503,B,notify,x43,x43.altitude,158,RequestService,x43.altitude#1,,SERVICE,
503,0.503,B,service,x43,x43.altitude,158,RequestService,x43.altitude#1,,SERVICE,,157,_valueCurrent=,1274.0,valueTarget=,1000.0,_speedCurrent=,2.0,speedChange=NONE,_isTerminating=false,isArrived=false
504,0.504,B,notify,x43,x43.altitude,159,RequestService,x43.altitude#1,,SERVICE,
504,0.504,B,service,x43,x43.altitude,159,RequestService,x43.altitude#1,,SERVICE,,158,_valueCurrent=,1272.0,valueTarget=,1000.0,_speedCurrent=,2.0,speedChange=NONE,_isTerminating=false,isArrived=false
505,0.505,B,notify,x43,x43.altitude,160,RequestService,x43.altitude#1,,SERVICE,
505,0.505,B,service,x43,x43.altitude,160,RequestService,x43.altitude#1,,SERVICE,,159,_valueCurrent=,1270.0,valueTarget=,1000.0,_speedCurrent=,2.0,speedChange=NONE,_isTerminating=false,isArrived=false
506,0.506,B,notify,x43,x43.altitude,161,RequestService,x43.altitude#1,,SERVICE,
506,0.506,B,service,x43,x43.altitude,161,RequestService,x43.altitude#1,,SERVICE,,160,_valueCurrent=,1268.0,valueTarget=,1000.0,_speedCurrent=,2.0,speedChange=NONE,_isTerminating=false,isArrived=false
507,0.507,B,notify,x43,x43.altitude,162,RequestService,x43.altitude#1,,SERVICE,
507,0.507,B,service,x43,x43.altitude,162,RequestService,x43.altitude#1,,SERVICE,,161,_valueCurrent=,1266.0,valueTarget=,1000.0,_speedCurrent=,2.0,speedChange=NONE,_isTerminating=false,isArrived=false
508,0.508,B,notify,x43,x43.altitude,163,RequestService,x43.altitude#1,,SERVICE,
508,0.508,B,service,x43,x43.altitude,163,RequestService,x43.altitude#1,,SERVICE,,162,_valueCurrent=,1264.0,valueTarget=,1000.0,_speedCurrent=,2.0,speedChange=NONE,_isTerminating=false,isArrived=false
509,0.509,B,notify,x43,x43.altitude,164,RequestService,x43.altitude#1,,SERVICE,
509,0.509,B,service,x43,x43.altitude,164,RequestService,x43.altitude#1,,SERVICE,,163,_valueCurrent=,1262.0,valueTarget=,1000.0,_speedCurrent=,2.0,speedChange=NONE,_isTerminating=false,isArrived=false
510,0.510,B,notify,x43,x43.altitude,165,RequestService,x43.altitude#1,,SERVICE,
510,0.510,B,service,x43,x43.altitude,165,RequestService,x43.altitude#1,,SERVICE,,164,_valueCurrent=,1260.0,valueTarget=,1000.0,_speedCurrent=,2.0,speedChange=NONE,_isTerminating=false,isArrived=false
511,0.511,B,notify,x43,x43.altitude,166,RequestService,x43.altitude#1,,SERVICE,
511,0.511,B,service,x43,x43.altitude,166,RequestService,x43.altitude#1,,SERVICE,,165,_valueCurrent=,1258.0,valueTarget=,1000.0,_speedCurrent=,2.0,speedChange=NONE,_isTerminating=false,isArrived=false
512,0.512,B,notify,x43,x43.altitude,167,RequestService,x43.altitude#1,,SERVICE,
512,0.512,B,service,x43,x43.altitude,167,RequestService,x43.altitude#1,,SERVICE,,166,_valueCurrent=,1256.0,valueTarget=,1000.0,_speedCurrent=,2.0,speedChange=NONE,_isTerminating=false,isArrived=false
513,0.513,B,notify,x43,x43.altitude,168,RequestService,x43.altitude#1,,SERVICE,
513,0.513,B,service,x43,x43.altitude,168,RequestService,x43.altitude#1,,SERVICE,,167,_valueCurrent=,1254.0,valueTarget=,1000.0,_speedCurrent=,2.0,speedChange=NONE,_isTerminating=false,isArrived=false
514,0.514,B,notify,x43,x43.altitude,169,RequestService,x43.altitude#1,,SERVICE,
514,0.514,B,service,x43,x43.altitude,169,RequestService,x43.altitude#1,,SERVICE,,168,_valueCurrent=,1252.0,valueTarget=,1000.0,_speedCurrent=,2.0,speedChange=NONE,_isTerminating=false,isArrived=false
515,0.515,B,notify,x43,x43.altitude,170,RequestService,x43.altitude#1,,SERVICE,
515,0.515,B,service,x43,x43.altitude,170,RequestService,x43.altitude#1,,SERVICE,,169,_valueCurrent=,1250.0,valueTarget=,1000.0,_speedCurrent=,2.0,speedChange=NONE,_isTerminating=false,isArrived=false
516,0.516,B,notify,x43,x43.altitude,171,RequestService,x43.altitude#1,,SERVICE,
516,0.516,B,service,x43,x43.altitude,171,RequestService,x43.altitude#1,,SERVICE,,170,_valueCurrent=,1248.0,valueTarget=,1000.0,_speedCurrent=,2.0,speedChange=NONE,_isTerminating=false,isArrived=false
517,0.517,B,notify,x43,x43.altitude,172,RequestService,x43.altitude#1,,SERVICE,
517,0.517,B,service,x43,x43.altitude,172,RequestService,x43.altitude#1,,SERVICE,,171,_valueCurrent=,1246.0,valueTarget=,1000.0,_speedCurrent=,2.0,speedChange=NONE,_isTerminating=false,isArrived=false
518,0.518,B,notify,x43,x43.altitude,173,RequestService,x43.altitude#1,,SERVICE,
518,0.518,B,service,x43,x43.altitude,173,RequestService,x43.altitude#1,,SERVICE,,172,_valueCurrent=,1244.0,valueTarget=,1000.0,_speedCurrent=,2.0,speedChange=NONE,_isTerminating=false,isArrived=false
519,0.519,B,notify,x43,x43.altitude,174,RequestService,x43.altitude#1,,SERVICE,
519,0.519,B,service,x43,x43.altitude,174,RequestService,x43.altitude#1,,SERVICE,,173,_valueCurrent=,1242.0,valueTarget=,1000.0,_speedCurrent=,2.0,speedChange=NONE,_isTerminating=false,isArrived=false
520,0.520,B,notify,x43,x43.altitude,175,RequestService,x43.altitude#1,,SERVICE,
520,0.520,B,service,x43,x43.altitude,175,RequestService,x43.altitude#1,,SERVICE,,174,_valueCurrent=,1240.0,valueTarget=,1000.0,_speedCurrent=,2.0,speedChange=NONE,_isTerminating=false,isArrived=false
521,0.521,B,notify,x43,x43.altitude,176,RequestService,x43.altitude#1,,SERVICE,
521,0.521,B,service,x43,x43.altitude,176,RequestService,x43.altitude#1,,SERVICE,,175,_valueCurrent=,1238.0,valueTarget=,1000.0,_speedCurrent=,2.0,speedChange=NONE,_isTerminating=false,isArrived=false
522,0.522,B,notify,x43,x43.altitude,177,RequestService,x43.altitude#1,,SERVICE,
522,0.522,B,service,x43,x43.altitude,177,RequestService,x43.altitude#1,,SERVICE,,176,_valueCurrent=,1236.0,valueTarget=,1000.0,_speedCurrent=,2.0,speedChange=NONE,_isTerminating=false,isArrived=false
523,0.523,B,notify,x43,x43.altitude,178,RequestService,x43.altitude#1,,SERVICE,
523,0.523,B,service,x43,x43.altitude,178,RequestService,x43.altitude#1,,SERVICE,,177,_valueCurrent=,1234.0,valueTarget=,1000.0,_speedCurrent=,2.0,speedChange=NONE,_isTerminating=false,isArrived=false
524,0.524,B,notify,x43,x43.altitude,179,RequestService,x43.altitude#1,,SERVICE,
524,0.524,B,service,x43,x43.altitude,179,RequestService,x43.altitude#1,,SERVICE,,178,_valueCurrent=,1232.0,valueTarget=,1000.0,_speedCurrent=,2.0,speedChange=NONE,_isTerminating=false,isArrived=false
525,0.525,B,notify,x43,x43.altitude,180,RequestService,x43.altitude#1,,SERVICE,
525,0.525,B,service,x43,x43.altitude,180,RequestService,x43.altitude#1,,SERVICE,,179,_valueCurrent=,1230.0,valueTarget=,1000.0,_speedCurrent=,2.0,speedChange=NONE,_isTerminating=false,isArrived=false
526,0.526,B,notify,x43,x43.altitude,181,RequestService,x43.altitude#1,,SERVICE,
526,0.526,B,service,x43,x43.altitude,181,RequestService,x43.altitude#1,,SERVICE,,180,_valueCurrent=,1228.0,valueTarget=,1000.0,_speedCurrent=,2.0,speedChange=NONE,_isTerminating=false,isArrived=false
527,0.527,B,notify,x43,x43.altitude,182,RequestService,x43.altitude#1,,SERVICE,
527,0.527,B,service,x43,x43.altitude,182,RequestService,x43.altitude#1,,SERVICE,,181,_valueCurrent=,1226.0,valueTarget=,1000.0,_speedCurrent=,2.0,speedChange=NONE,_isTerminating=false,isArrived=false
528,0.528,B,notify,x43,x43.altitude,183,RequestService,x43.altitude#1,,SERVICE,
528,0.528,B,service,x43,x43.altitude,183,RequestService,x43.altitude#1,,SERVICE,,182,_valueCurrent=,1224.0,valueTarget=,1000.0,_speedCurrent=,2.0,speedChange=NONE,_isTerminating=false,isArrived=false
529,0.529,B,notify,x43,x43.altitude,184,RequestService,x43.altitude#1,,SERVICE,
529,0.529,B,service,x43,x43.altitude,184,RequestService,x43.altitude#1,,SERVICE,,183,_valueCurrent=,1222.0,valueTarget=,1000.0,_speedCurrent=,2.0,speedChange=NONE,_isTerminating=false,isArrived=false
530,0.530,B,notify,x43,x43.altitude,185,RequestService,x43.altitude#1,,SERVICE,
530,0.530,B,service,x43,x43.altitude,185,RequestService,x43.altitude#1,,SERVICE,,184,_valueCurrent=,1220.0,valueTarget=,1000.0,_speedCurrent=,2.0,speedChange=NONE,_isTerminating=false,isArrived=false
531,0.531,B,notify,x43,x43.altitude,186,RequestService,x43.altitude#1,,SERVICE,
531,0.531,B,service,x43,x43.altitude,186,RequestService,x43.altitude#1,,SERVICE,,185,_valueCurrent=,1218.0,valueTarget=,1000.0,_speedCurrent=,2.0,speedChange=NONE,_isTerminating=false,isArrived=false
532,0.532,B,notify,x43,x43.altitude,187,RequestService,x43.altitude#1,,SERVICE,
532,0.532,B,service,x43,x43.altitude,187,RequestService,x43.altitude#1,,SERVICE,,186,_valueCurrent=,1216.0,valueTarget=,1000.0,_speedCurrent=,2.0,speedChange=NONE,_isTerminating=false,isArrived=false
533,0.533,B,notify,x43,x43.altitude,188,RequestService,x43.altitude#1,,SERVICE,
533,0.533,B,service,x43,x43.altitude,188,RequestService,x43.altitude#1,,SERVICE,,187,_valueCurrent=,1214.0,valueTarget=,1000.0,_speedCurrent=,2.0,speedChange=NONE,_isTerminating=false,isArrived=false
534,0.534,B,notify,x43,x43.altitude,189,RequestService,x43.altitude#1,,SERVICE,
534,0.534,B,service,x43,x43.altitude,189,RequestService,x43.altitude#1,,SERVICE,,188,_valueCurrent=,1212.0,valueTarget=,1000.0,_speedCurrent=,2.0,speedChange=NONE,_isTerminating=false,isArrived=false
535,0.535,B,notify,x43,x43.altitude,190,RequestService,x43.altitude#1,,SERVICE,
535,0.535,B,service,x43,x43.altitude,190,RequestService,x43.altitude#1,,SERVICE,,189,_valueCurrent=,1210.0,valueTarget=,1000.0,_speedCurrent=,2.0,speedChange=NONE,_isTerminating=false,isArrived=false
536,0.536,B,notify,x43,x43.altitude,191,RequestService,x43.altitude#1,,SERVICE,
536,0.536,B,service,x43,x43.altitude,191,RequestService,x43.altitude#1,,SERVICE,,190,_valueCurrent=,1208.0,valueTarget=,1000.0,_speedCurrent=,2.0,speedChange=NONE,_isTerminating=false,isArrived=false
537,0.537,B,notify,x43,x43.altitude,192,RequestService,x43.altitude#1,,SERVICE,
537,0.537,B,service,x43,x43.altitude,192,RequestService,x43.altitude#1,,SERVICE,,191,_valueCurrent=,1206.0,valueTarget=,1000.0,_speedCurrent=,2.0,speedChange=NONE,_isTerminating=false,isArrived=false
538,0.538,B,notify,x43,x43.altitude,193,RequestService,x43.altitude#1,,SERVICE,
538,0.538,B,service,x43,x43.altitude,193,RequestService,x43.altitude#1,,SERVICE,,192,_valueCurrent=,1204.0,valueTarget=,1000.0,_speedCurrent=,2.0,speedChange=NONE,_isTerminating=false,isArrived=false
539,0.539,B,notify,x43,x43.altitude,194,RequestService,x43.altitude#1,,SERVICE,
539,0.539,B,service,x43,x43.altitude,194,RequestService,x43.altitude#1,,SERVICE,,193,_valueCurrent=,1202.0,valueTarget=,1000.0,_speedCurrent=,2.0,speedChange=NONE,_isTerminating=false,isArrived=false
540,0.540,B,notify,x43,x43.altitude,195,RequestService,x43.altitude#1,,SERVICE,
540,0.540,B,service,x43,x43.altitude,195,RequestService,x43.altitude#1,,SERVICE,,194,_valueCurrent=,1200.0,valueTarget=,1000.0,_speedCurrent=,2.0,speedChange=NONE,_isTerminating=false,isArrived=false
541,0.541,B,notify,x43,x43.altitude,196,RequestService,x43.altitude#1,,SERVICE,
541,0.541,B,service,x43,x43.altitude,196,RequestService,x43.altitude#1,,SERVICE,,195,_valueCurrent=,1198.0,valueTarget=,1000.0,_speedCurrent=,2.0,speedChange=NONE,_isTerminating=false,isArrived=false
542,0.542,B,notify,x43,x43.altitude,197,RequestService,x43.altitude#1,,SERVICE,
542,0.542,B,service,x43,x43.altitude,197,RequestService,x43.altitude#1,,SERVICE,,196,_valueCurrent=,1196.0,valueTarget=,1000.0,_speedCurrent=,2.0,speedChange=NONE,_isTerminating=false,isArrived=false
543,0.543,B,notify,x43,x43.altitude,198,RequestService,x43.altitude#1,,SERVICE,
543,0.543,B,service,x43,x43.altitude,198,RequestService,x43.altitude#1,,SERVICE,,197,_valueCurrent=,1194.0,valueTarget=,1000.0,_speedCurrent=,2.0,speedChange=NONE,_isTerminating=false,isArrived=false
544,0.544,B,notify,x43,x43.altitude,199,RequestService,x43.altitude#1,,SERVICE,
544,0.544,B,service,x43,x43.altitude,199,RequestService,x43.altitude#1,,SERVICE,,198,_valueCurrent=,1192.0,valueTarget=,1000.0,_speedCurrent=,2.0,speedChange=NONE,_isTerminating=false,isArrived=false
545,0.545,B,notify,x43,x43.altitude,200,RequestService,x43.altitude#1,,SERVICE,
545,0.545,B,service,x43,x43.altitude,200,RequestService,x43.altitude#1,,SERVICE,,199,_valueCurrent=,1190.0,valueTarget=,1000.0,_speedCurrent=,2.0,speedChange=NONE,_isTerminating=false,isArrived=false
546,0.546,B,notify,x43,x43.altitude,201,RequestService,x43.altitude#1,,SERVICE,
546,0.546,B,service,x43,x43.altitude,201,RequestService,x43.altitude#1,,SERVICE,,200,_valueCurrent=,1188.0,valueTarget=,1000.0,_speedCurrent=,2.0,speedChange=NONE,_isTerminating=false,isArrived=false
547,0.547,B,notify,x43,x43.altitude,202,RequestService,x43.altitude#1,,SERVICE,
547,0.547,B,service,x43,x43.altitude,202,RequestService,x43.altitude#1,,SERVICE,,201,_valueCurrent=,1186.0,valueTarget=,1000.0,_speedCurrent=,2.0,speedChange=NONE,_isTerminating=false,isArrived=false
548,0.548,B,notify,x43,x43.altitude,203,RequestService,x43.altitude#1,,SERVICE,
548,0.548,B,service,x43,x43.altitude,203,RequestService,x43.altitude#1,,SERVICE,,202,_valueCurrent=,1184.0,valueTarget=,1000.0,_speedCurrent=,2.0,speedChange=NONE,_isTerminating=false,isArrived=false
549,0.549,B,notify,x43,x43.altitude,204,RequestService,x43.altitude#1,,SERVICE,
549,0.549,B,service,x43,x43.altitude,204,RequestService,x43.altitude#1,,SERVICE,,203,_valueCurrent=,1182.0,valueTarget=,1000.0,_speedCurrent=,2.0,speedChange=NONE,_isTerminating=false,isArrived=false
550,0.550,B,notify,x43,x43.altitude,205,RequestService,x43.altitude#1,,SERVICE,
550,0.550,B,service,x43,x43.altitude,205,RequestService,x43.altitude#1,,SERVICE,,204,_valueCurrent=,1180.0,valueTarget=,1000.0,_speedCurrent=,2.0,speedChange=NONE,_isTerminating=false,isArrived=false
551,0.551,B,notify,x43,x43.altitude,206,RequestService,x43.altitude#1,,SERVICE,
551,0.551,B,service,x43,x43.altitude,206,RequestService,x43.altitude#1,,SERVICE,,205,_valueCurrent=,1178.0,valueTarget=,1000.0,_speedCurrent=,2.0,speedChange=NONE,_isTerminating=false,isArrived=false
552,0.552,B,notify,x43,x43.altitude,207,RequestService,x43.altitude#1,,SERVICE,
552,0.552,B,service,x43,x43.altitude,207,RequestService,x43.altitude#1,,SERVICE,,206,_valueCurrent=,1176.0,valueTarget=,1000.0,_speedCurrent=,2.0,speedChange=NONE,_isTerminating=false,isArrived=false
553,0.553,B,notify,x43,x43.altitude,208,RequestService,x43.altitude#1,,SERVICE,
553,0.553,B,service,x43,x43.altitude,208,RequestService,x43.altitude#1,,SERVICE,,207,_valueCurrent=,1174.0,valueTarget=,1000.0,_speedCurrent=,2.0,speedChange=NONE,_isTerminating=false,isArrived=false
554,0.554,B,notify,x43,x43.altitude,209,RequestService,x43.altitude#1,,SERVICE,
554,0.554,B,service,x43,x43.altitude,209,RequestService,x43.altitude#1,,SERVICE,,208,_valueCurrent=,1172.0,valueTarget=,1000.0,_speedCurrent=,2.0,speedChange=NONE,_isTerminating=false,isArrived=false
555,0.555,B,notify,x43,x43.altitude,210,RequestService,x43.altitude#1,,SERVICE,
555,0.555,B,service,x43,x43.altitude,210,RequestService,x43.altitude#1,,SERVICE,,209,_valueCurrent=,1170.0,valueTarget=,1000.0,_speedCurrent=,2.0,speedChange=NONE,_isTerminating=false,isArrived=false
556,0.556,B,notify,x43,x43.altitude,211,RequestService,x43.altitude#1,,SERVICE,
556,0.556,B,service,x43,x43.altitude,211,RequestService,x43.altitude#1,,SERVICE,,210,_valueCurrent=,1168.0,valueTarget=,1000.0,_speedCurrent=,2.0,speedChange=NONE,_isTerminating=false,isArrived=false
557,0.557,B,notify,x43,x43.altitude,212,RequestService,x43.altitude#1,,SERVICE,
557,0.557,B,service,x43,x43.altitude,212,RequestService,x43.altitude#1,,SERVICE,,211,_valueCurrent=,1166.0,valueTarget=,1000.0,_speedCurrent=,2.0,speedChange=NONE,_isTerminating=false,isArrived=false
558,0.558,B,notify,x43,x43.altitude,213,RequestService,x43.altitude#1,,SERVICE,
558,0.558,B,service,x43,x43.altitude,213,RequestService,x43.altitude#1,,SERVICE,,212,_valueCurrent=,1164.0,valueTarget=,1000.0,_speedCurrent=,2.0,speedChange=NONE,_isTerminating=false,isArrived=false
559,0.559,B,notify,x43,x43.altitude,214,RequestService,x43.altitude#1,,SERVICE,
559,0.559,B,service,x43,x43.altitude,214,RequestService,x43.altitude#1,,SERVICE,,213,_valueCurrent=,1162.0,valueTarget=,1000.0,_speedCurrent=,2.0,speedChange=NONE,_isTerminating=false,isArrived=false
560,0.560,B,notify,x43,x43.altitude,215,RequestService,x43.altitude#1,,SERVICE,
560,0.560,B,service,x43,x43.altitude,215,RequestService,x43.altitude#1,,SERVICE,,214,_valueCurrent=,1160.0,valueTarget=,1000.0,_speedCurrent=,2.0,speedChange=NONE,_isTerminating=false,isArrived=false
561,0.561,B,notify,x43,x43.altitude,216,RequestService,x43.altitude#1,,SERVICE,
561,0.561,B,service,x43,x43.altitude,216,RequestService,x43.altitude#1,,SERVICE,,215,_valueCurrent=,1158.0,valueTarget=,1000.0,_speedCurrent=,2.0,speedChange=NONE,_isTerminating=false,isArrived=false
562,0.562,B,notify,x43,x43.altitude,217,RequestService,x43.altitude#1,,SERVICE,
562,0.562,B,service,x43,x43.altitude,217,RequestService,x43.altitude#1,,SERVICE,,216,_valueCurrent=,1156.0,valueTarget=,1000.0,_speedCurrent=,2.0,speedChange=NONE,_isTerminating=false,isArrived=false
563,0.563,B,notify,x43,x43.altitude,218,RequestService,x43.altitude#1,,SERVICE,
563,0.563,B,service,x43,x43.altitude,218,RequestService,x43.altitude#1,,SERVICE,,217,_valueCurrent=,1154.0,valueTarget=,1000.0,_speedCurrent=,2.0,speedChange=NONE,_isTerminating=false,isArrived=false
564,0.564,B,notify,x43,x43.altitude,219,RequestService,x43.altitude#1,,SERVICE,
564,0.564,B,service,x43,x43.altitude,219,RequestService,x43.altitude#1,,SERVICE,,218,_valueCurrent=,1152.0,valueTarget=,1000.0,_speedCurrent=,2.0,speedChange=NONE,_isTerminating=false,isArrived=false
565,0.565,B,notify,x43,x43.altitude,220,RequestService,x43.altitude#1,,SERVICE,
565,0.565,B,service,x43,x43.altitude,220,RequestService,x43.altitude#1,,SERVICE,,219,_valueCurrent=,1150.0,valueTarget=,1000.0,_speedCurrent=,2.0,speedChange=NONE,_isTerminating=false,isArrived=false
566,0.566,B,notify,x43,x43.altitude,221,RequestService,x43.altitude#1,,SERVICE,
566,0.566,B,service,x43,x43.altitude,221,RequestService,x43.altitude#1,,SERVICE,,220,_valueCurrent=,1148.0,valueTarget=,1000.0,_speedCurrent=,2.0,speedChange=NONE,_isTerminating=false,isArrived=false
567,0.567,B,notify,x43,x43.altitude,222,RequestService,x43.altitude#1,,SERVICE,
567,0.567,B,service,x43,x43.altitude,222,RequestService,x43.altitude#1,,SERVICE,,221,_valueCurrent=,1146.0,valueTarget=,1000.0,_speedCurrent=,2.0,speedChange=NONE,_isTerminating=false,isArrived=false
568,0.568,B,notify,x43,x43.altitude,223,RequestService,x43.altitude#1,,SERVICE,
568,0.568,B,service,x43,x43.altitude,223,RequestService,x43.altitude#1,,SERVICE,,222,_valueCurrent=,1144.0,valueTarget=,1000.0,_speedCurrent=,2.0,speedChange=NONE,_isTerminating=false,isArrived=false
569,0.569,B,notify,x43,x43.altitude,224,RequestService,x43.altitude#1,,SERVICE,
569,0.569,B,service,x43,x43.altitude,224,RequestService,x43.altitude#1,,SERVICE,,223,_valueCurrent=,1142.0,valueTarget=,1000.0,_speedCurrent=,2.0,speedChange=NONE,_isTerminating=false,isArrived=false
570,0.570,B,notify,x43,x43.altitude,225,RequestService,x43.altitude#1,,SERVICE,
570,0.570,B,service,x43,x43.altitude,225,RequestService,x43.altitude#1,,SERVICE,,224,_valueCurrent=,1140.0,valueTarget=,1000.0,_speedCurrent=,2.0,speedChange=NONE,_isTerminating=false,isArrived=false
571,0.571,B,notify,x43,x43.altitude,226,RequestService,x43.altitude#1,,SERVICE,
571,0.571,B,service,x43,x43.altitude,226,RequestService,x43.altitude#1,,SERVICE,,225,_valueCurrent=,1138.0,valueTarget=,1000.0,_speedCurrent=,2.0,speedChange=NONE,_isTerminating=false,isArrived=false
572,0.572,B,notify,x43,x43.altitude,227,RequestService,x43.altitude#1,,SERVICE,
572,0.572,B,service,x43,x43.altitude,227,RequestService,x43.altitude#1,,SERVICE,,226,_valueCurrent=,1136.0,valueTarget=,1000.0,_speedCurrent=,2.0,speedChange=NONE,_isTerminating=false,isArrived=false
573,0.573,B,notify,x43,x43.altitude,228,RequestService,x43.altitude#1,,SERVICE,
573,0.573,B,service,x43,x43.altitude,228,RequestService,x43.altitude#1,,SERVICE,,227,_valueCurrent=,1134.0,valueTarget=,1000.0,_speedCurrent=,2.0,speedChange=NONE,_isTerminating=false,isArrived=false
574,0.574,B,notify,x43,x43.altitude,229,RequestService,x43.altitude#1,,SERVICE,
574,0.574,B,service,x43,x43.altitude,229,RequestService,x43.altitude#1,,SERVICE,,228,_valueCurrent=,1132.0,valueTarget=,1000.0,_speedCurrent=,2.0,speedChange=NONE,_isTerminating=false,isArrived=false
575,0.575,B,notify,x43,x43.altitude,230,RequestService,x43.altitude#1,,SERVICE,
575,0.575,B,service,x43,x43.altitude,230,RequestService,x43.altitude#1,,SERVICE,,229,_valueCurrent=,1130.0,valueTarget=,1000.0,_speedCurrent=,2.0,speedChange=NONE,_isTerminating=false,isArrived=false
576,0.576,B,notify,x43,x43.altitude,231,RequestService,x43.altitude#1,,SERVICE,
576,0.576,B,service,x43,x43.altitude,231,RequestService,x43.altitude#1,,SERVICE,,230,_valueCurrent=,1128.0,valueTarget=,1000.0,_speedCurrent=,2.0,speedChange=NONE,_isTerminating=false,isArrived=false
577,0.577,B,notify,x43,x43.altitude,232,RequestService,x43.altitude#1,,SERVICE,
577,0.577,B,service,x43,x43.altitude,232,RequestService,x43.altitude#1,,SERVICE,,231,_valueCurrent=,1126.0,valueTarget=,1000.0,_speedCurrent=,2.0,speedChange=NONE,_isTerminating=false,isArrived=false
578,0.578,B,notify,x43,x43.altitude,233,RequestService,x43.altitude#1,,SERVICE,
578,0.578,B,service,x43,x43.altitude,233,RequestService,x43.altitude#1,,SERVICE,,232,_valueCurrent=,1124.0,valueTarget=,1000.0,_speedCurrent=,2.0,speedChange=NONE,_isTerminating=false,isArrived=false
579,0.579,B,notify,x43,x43.altitude,234,RequestService,x43.altitude#1,,SERVICE,
579,0.579,B,service,x43,x43.altitude,234,RequestService,x43.altitude#1,,SERVICE,,233,_valueCurrent=,1122.0,valueTarget=,1000.0,_speedCurrent=,2.0,speedChange=NONE,_isTerminating=false,isArrived=false
580,0.580,B,notify,x43,x43.altitude,235,RequestService,x43.altitude#1,,SERVICE,
580,0.580,B,service,x43,x43.altitude,235,RequestService,x43.altitude#1,,SERVICE,,234,_valueCurrent=,1120.0,valueTarget=,1000.0,_speedCurrent=,2.0,speedChange=NONE,_isTerminating=false,isArrived=false
581,0.581,B,notify,x43,x43.altitude,236,RequestService,x43.altitude#1,,SERVICE,
581,0.581,B,service,x43,x43.altitude,236,RequestService,x43.altitude#1,,SERVICE,,235,_valueCurrent=,1118.0,valueTarget=,1000.0,_speedCurrent=,2.0,speedChange=NONE,_isTerminating=false,isArrived=false
582,0.582,B,notify,x43,x43.altitude,237,RequestService,x43.altitude#1,,SERVICE,
582,0.582,B,service,x43,x43.altitude,237,RequestService,x43.altitude#1,,SERVICE,,236,_valueCurrent=,1116.0,valueTarget=,1000.0,_speedCurrent=,2.0,speedChange=NONE,_isTerminating=false,isArrived=false
583,0.583,B,notify,x43,x43.altitude,238,RequestService,x43.altitude#1,,SERVICE,
583,0.583,B,service,x43,x43.altitude,238,RequestService,x43.altitude#1,,SERVICE,,237,_valueCurrent=,1114.0,valueTarget=,1000.0,_speedCurrent=,2.0,speedChange=NONE,_isTerminating=false,isArrived=false
584,0.584,B,notify,x43,x43.altitude,239,RequestService,x43.altitude#1,,SERVICE,
584,0.584,B,service,x43,x43.altitude,239,RequestService,x43.altitude#1,,SERVICE,,238,_valueCurrent=,1112.0,valueTarget=,1000.0,_speedCurrent=,2.0,speedChange=NONE,_isTerminating=false,isArrived=false
585,0.585,B,notify,x43,x43.altitude,240,RequestService,x43.altitude#1,,SERVICE,
585,0.585,B,service,x43,x43.altitude,240,RequestService,x43.altitude#1,,SERVICE,,239,_valueCurrent=,1110.0,valueTarget=,1000.0,_speedCurrent=,2.0,speedChange=NONE,_isTerminating=false,isArrived=false
586,0.586,B,notify,x43,x43.altitude,241,RequestService,x43.altitude#1,,SERVICE,
586,0.586,B,service,x43,x43.altitude,241,RequestService,x43.altitude#1,,SERVICE,,240,_valueCurrent=,1108.0,valueTarget=,1000.0,_speedCurrent=,2.0,speedChange=NONE,_isTerminating=false,isArrived=false
587,0.587,B,notify,x43,x43.altitude,242,RequestService,x43.altitude#1,,SERVICE,
587,0.587,B,service,x43,x43.altitude,242,RequestService,x43.altitude#1,,SERVICE,,241,_valueCurrent=,1106.0,valueTarget=,1000.0,_speedCurrent=,2.0,speedChange=NONE,_isTerminating=false,isArrived=false
588,0.588,B,notify,x43,x43.altitude,243,RequestService,x43.altitude#1,,SERVICE,
588,0.588,B,service,x43,x43.altitude,243,RequestService,x43.altitude#1,,SERVICE,,242,_valueCurrent=,1104.0,valueTarget=,1000.0,_speedCurrent=,2.0,speedChange=NONE,_isTerminating=false,isArrived=false
589,0.589,B,notify,x43,x43.altitude,244,RequestService,x43.altitude#1,,SERVICE,
589,0.589,B,service,x43,x43.altitude,244,RequestService,x43.altitude#1,,SERVICE,,243,_valueCurrent=,1102.0,valueTarget=,1000.0,_speedCurrent=,2.0,speedChange=NONE,_isTerminating=false,isArrived=false
590,0.590,B,notify,x43,x43.altitude,245,RequestService,x43.altitude#1,,SERVICE,
590,0.590,B,service,x43,x43.altitude,245,RequestService,x43.altitude#1,,SERVICE,,244,_valueCurrent=,1100.0,valueTarget=,1000.0,_speedCurrent=,2.0,speedChange=NONE,_isTerminating=false,isArrived=false
591,0.591,B,notify,x43,x43.altitude,246,RequestService,x43.altitude#1,,SERVICE,
591,0.591,B,service,x43,x43.altitude,246,RequestService,x43.altitude#1,,SERVICE,,245,_valueCurrent=,1098.0,valueTarget=,1000.0,_speedCurrent=,2.0,speedChange=NONE,_isTerminating=false,isArrived=false
592,0.592,B,notify,x43,x43.altitude,247,RequestService,x43.altitude#1,,SERVICE,
592,0.592,B,service,x43,x43.altitude,247,RequestService,x43.altitude#1,,SERVICE,,246,_valueCurrent=,1096.0,valueTarget=,1000.0,_speedCurrent=,2.0,speedChange=NONE,_isTerminating=false,isArrived=false
593,0.593,B,notify,x43,x43.altitude,248,RequestService,x43.altitude#1,,SERVICE,
593,0.593,B,service,x43,x43.altitude,248,RequestService,x43.altitude#1,,SERVICE,,247,_valueCurrent=,1094.0,valueTarget=,1000.0,_speedCurrent=,2.0,speedChange=NONE,_isTerminating=false,isArrived=false
594,0.594,B,notify,x43,x43.altitude,249,RequestService,x43.altitude#1,,SERVICE,
594,0.594,B,service,x43,x43.altitude,249,RequestService,x43.altitude#1,,SERVICE,,248,_valueCurrent=,1092.0,valueTarget=,1000.0,_speedCurrent=,2.0,speedChange=NONE,_isTerminating=false,isArrived=false
595,0.595,B,notify,x43,x43.altitude,250,RequestService,x43.altitude#1,,SERVICE,
595,0.595,B,service,x43,x43.altitude,250,RequestService,x43.altitude#1,,SERVICE,,249,_valueCurrent=,1090.0,valueTarget=,1000.0,_speedCurrent=,2.0,speedChange=NONE,_isTerminating=false,isArrived=false
596,0.596,B,notify,x43,x43.altitude,251,RequestService,x43.altitude#1,,SERVICE,
596,0.596,B,service,x43,x43.altitude,251,RequestService,x43.altitude#1,,SERVICE,,250,_valueCurrent=,1088.0,valueTarget=,1000.0,_speedCurrent=,2.0,speedChange=NONE,_isTerminating=false,isArrived=false
597,0.597,B,notify,x43,x43.altitude,252,RequestService,x43.altitude#1,,SERVICE,
597,0.597,B,service,x43,x43.altitude,252,RequestService,x43.altitude#1,,SERVICE,,251,_valueCurrent=,1086.0,valueTarget=,1000.0,_speedCurrent=,2.0,speedChange=NONE,_isTerminating=false,isArrived=false
598,0.598,B,notify,x43,x43.altitude,253,RequestService,x43.altitude#1,,SERVICE,
598,0.598,B,service,x43,x43.altitude,253,RequestService,x43.altitude#1,,SERVICE,,252,_valueCurrent=,1084.0,valueTarget=,1000.0,_speedCurrent=,2.0,speedChange=NONE,_isTerminating=false,isArrived=false
599,0.599,B,notify,x43,x43.altitude,254,RequestService,x43.altitude#1,,SERVICE,
599,0.599,B,service,x43,x43.altitude,254,RequestService,x43.altitude#1,,SERVICE,,253,_valueCurrent=,1082.0,valueTarget=,1000.0,_speedCurrent=,2.0,speedChange=NONE,_isTerminating=false,isArrived=false
600,0.600,B,notify,x43,x43.altitude,255,RequestService,x43.altitude#1,,SERVICE,
600,0.600,B,service,x43,x43.altitude,255,RequestService,x43.altitude#1,,SERVICE,,254,_valueCurrent=,1080.0,valueTarget=,1000.0,_speedCurrent=,2.0,speedChange=NONE,_isTerminating=false,isArrived=false
601,0.601,B,notify,x43,x43.altitude,256,RequestService,x43.altitude#1,,SERVICE,
601,0.601,B,service,x43,x43.altitude,256,RequestService,x43.altitude#1,,SERVICE,,255,_valueCurrent=,1078.0,valueTarget=,1000.0,_speedCurrent=,2.0,speedChange=NONE,_isTerminating=false,isArrived=false
602,0.602,B,notify,x43,x43.altitude,257,RequestService,x43.altitude#1,,SERVICE,
602,0.602,B,service,x43,x43.altitude,257,RequestService,x43.altitude#1,,SERVICE,,256,_valueCurrent=,1076.0,valueTarget=,1000.0,_speedCurrent=,2.0,speedChange=NONE,_isTerminating=false,isArrived=false
603,0.603,B,notify,x43,x43.altitude,258,RequestService,x43.altitude#1,,SERVICE,
603,0.603,B,service,x43,x43.altitude,258,RequestService,x43.altitude#1,,SERVICE,,257,_valueCurrent=,1074.0,valueTarget=,1000.0,_speedCurrent=,2.0,speedChange=NONE,_isTerminating=false,isArrived=false
604,0.604,B,notify,x43,x43.altitude,259,RequestService,x43.altitude#1,,SERVICE,
604,0.604,B,service,x43,x43.altitude,259,RequestService,x43.altitude#1,,SERVICE,,258,_valueCurrent=,1072.0,valueTarget=,1000.0,_speedCurrent=,2.0,speedChange=NONE,_isTerminating=false,isArrived=false
605,0.605,B,notify,x43,x43.altitude,260,RequestService,x43.altitude#1,,SERVICE,
605,0.605,B,service,x43,x43.altitude,260,RequestService,x43.altitude#1,,SERVICE,,259,_valueCurrent=,1070.0,valueTarget=,1000.0,_speedCurrent=,2.0,speedChange=NONE,_isTerminating=false,isArrived=false
606,0.606,B,notify,x43,x43.altitude,261,RequestService,x43.altitude#1,,SERVICE,
606,0.606,B,service,x43,x43.altitude,261,RequestService,x43.altitude#1,,SERVICE,,260,_valueCurrent=,1068.0,valueTarget=,1000.0,_speedCurrent=,2.0,speedChange=NONE,_isTerminating=false,isArrived=false
607,0.607,B,notify,x43,x43.altitude,262,RequestService,x43.altitude#1,,SERVICE,
607,0.607,B,service,x43,x43.altitude,262,RequestService,x43.altitude#1,,SERVICE,,261,_valueCurrent=,1066.0,valueTarget=,1000.0,_speedCurrent=,2.0,speedChange=NONE,_isTerminating=false,isArrived=false
608,0.608,B,notify,x43,x43.altitude,263,RequestService,x43.altitude#1,,SERVICE,
608,0.608,B,service,x43,x43.altitude,263,RequestService,x43.altitude#1,,SERVICE,,262,_valueCurrent=,1064.0,valueTarget=,1000.0,_speedCurrent=,2.0,speedChange=NONE,_isTerminating=false,isArrived=false
609,0.609,B,notify,x43,x43.altitude,264,RequestService,x43.altitude#1,,SERVICE,
609,0.609,B,service,x43,x43.altitude,264,RequestService,x43.altitude#1,,SERVICE,,263,_valueCurrent=,1062.0,valueTarget=,1000.0,_speedCurrent=,2.0,speedChange=NONE,_isTerminating=false,isArrived=false
610,0.610,B,notify,x43,x43.altitude,265,RequestService,x43.altitude#1,,SERVICE,
610,0.610,B,service,x43,x43.altitude,265,RequestService,x43.altitude#1,,SERVICE,,264,_valueCurrent=,1060.0,valueTarget=,1000.0,_speedCurrent=,2.0,speedChange=NONE,_isTerminating=false,isArrived=false
611,0.611,B,notify,x43,x43.altitude,266,RequestService,x43.altitude#1,,SERVICE,
611,0.611,B,service,x43,x43.altitude,266,RequestService,x43.altitude#1,,SERVICE,,265,_valueCurrent=,1058.0,valueTarget=,1000.0,_speedCurrent=,2.0,speedChange=NONE,_isTerminating=false,isArrived=false
612,0.612,B,notify,x43,x43.altitude,267,RequestService,x43.altitude#1,,SERVICE,
612,0.612,B,service,x43,x43.altitude,267,RequestService,x43.altitude#1,,SERVICE,,266,_valueCurrent=,1056.0,valueTarget=,1000.0,_speedCurrent=,2.0,speedChange=NONE,_isTerminating=false,isArrived=false
613,0.613,B,notify,x43,x43.altitude,268,RequestService,x43.altitude#1,,SERVICE,
613,0.613,B,service,x43,x43.altitude,268,RequestService,x43.altitude#1,,SERVICE,,267,_valueCurrent=,1054.0,valueTarget=,1000.0,_speedCurrent=,2.0,speedChange=NONE,_isTerminating=false,isArrived=false
614,0.614,B,notify,x43,x43.altitude,269,RequestService,x43.altitude#1,,SERVICE,
614,0.614,B,service,x43,x43.altitude,269,RequestService,x43.altitude#1,,SERVICE,,268,_valueCurrent=,1052.0,valueTarget=,1000.0,_speedCurrent=,2.0,speedChange=NONE,_isTerminating=false,isArrived=false
615,0.615,B,notify,x43,x43.altitude,270,RequestService,x43.altitude#1,,SERVICE,
615,0.615,B,service,x43,x43.altitude,270,RequestService,x43.altitude#1,,SERVICE,,269,_valueCurrent=,1050.0,valueTarget=,1000.0,_speedCurrent=,2.0,speedChange=NONE,_isTerminating=false,isArrived=false
616,0.616,B,notify,x43,x43.altitude,271,RequestService,x43.altitude#1,,SERVICE,
616,0.616,B,service,x43,x43.altitude,271,RequestService,x43.altitude#1,,SERVICE,,270,_valueCurrent=,1048.0,valueTarget=,1000.0,_speedCurrent=,2.0,speedChange=NONE,_isTerminating=false,isArrived=false
617,0.617,B,notify,x43,x43.altitude,272,RequestService,x43.altitude#1,,SERVICE,
617,0.617,B,service,x43,x43.altitude,272,RequestService,x43.altitude#1,,SERVICE,,271,_valueCurrent=,1046.0,valueTarget=,1000.0,_speedCurrent=,2.0,speedChange=NONE,_isTerminating=false,isArrived=false
618,0.618,B,notify,x43,x43.altitude,273,RequestService,x43.altitude#1,,SERVICE,
618,0.618,B,service,x43,x43.altitude,273,RequestService,x43.altitude#1,,SERVICE,,272,_valueCurrent=,1044.0,valueTarget=,1000.0,_speedCurrent=,2.0,speedChange=NONE,_isTerminating=false,isArrived=false
619,0.619,B,notify,x43,x43.altitude,274,RequestService,x43.altitude#1,,SERVICE,
619,0.619,B,service,x43,x43.altitude,274,RequestService,x43.altitude#1,,SERVICE,,273,_valueCurrent=,1042.0,valueTarget=,1000.0,_speedCurrent=,2.0,speedChange=NONE,_isTerminating=false,isArrived=false
620,0.620,B,notify,x43,x43.altitude,275,RequestService,x43.altitude#1,,SERVICE,
620,0.620,B,service,x43,x43.altitude,275,RequestService,x43.altitude#1,,SERVICE,,274,_valueCurrent=,1040.0,valueTarget=,1000.0,_speedCurrent=,2.0,speedChange=NONE,_isTerminating=false,isArrived=false
621,0.621,B,notify,x43,x43.altitude,276,RequestService,x43.altitude#1,,SERVICE,
621,0.621,B,service,x43,x43.altitude,276,RequestService,x43.altitude#1,,SERVICE,,275,_valueCurrent=,1038.0,valueTarget=,1000.0,_speedCurrent=,2.0,speedChange=NONE,_isTerminating=false,isArrived=false
622,0.622,B,notify,x43,x43.altitude,277,RequestService,x43.altitude#1,,SERVICE,
622,0.622,B,service,x43,x43.altitude,277,RequestService,x43.altitude#1,,SERVICE,,276,_valueCurrent=,1036.0,valueTarget=,1000.0,_speedCurrent=,2.0,speedChange=NONE,_isTerminating=false,isArrived=false
623,0.623,B,notify,x43,x43.altitude,278,RequestService,x43.altitude#1,,SERVICE,
623,0.623,B,service,x43,x43.altitude,278,RequestService,x43.altitude#1,,SERVICE,,277,_valueCurrent=,1034.0,valueTarget=,1000.0,_speedCurrent=,2.0,speedChange=NONE,_isTerminating=false,isArrived=false
624,0.624,B,notify,x43,x43.altitude,279,RequestService,x43.altitude#1,,SERVICE,
624,0.624,B,service,x43,x43.altitude,279,RequestService,x43.altitude#1,,SERVICE,,278,_valueCurrent=,1032.0,valueTarget=,1000.0,_speedCurrent=,2.0,speedChange=NONE,_isTerminating=false,isArrived=false
625,0.625,B,notify,x43,x43.altitude,280,RequestService,x43.altitude#1,,SERVICE,
625,0.625,B,service,x43,x43.altitude,280,RequestService,x43.altitude#1,,SERVICE,,279,_valueCurrent=,1030.0,valueTarget=,1000.0,_speedCurrent=,2.0,speedChange=NONE,_isTerminating=false,isArrived=false
626,0.626,B,notify,x43,x43.altitude,281,RequestService,x43.altitude#1,,SERVICE,
626,0.626,B,service,x43,x43.altitude,281,RequestService,x43.altitude#1,,SERVICE,,280,_valueCurrent=,1028.0,valueTarget=,1000.0,_speedCurrent=,2.0,speedChange=NONE,_isTerminating=false,isArrived=false
627,0.627,B,notify,x43,x43.altitude,282,RequestService,x43.altitude#1,,SERVICE,
627,0.627,B,service,x43,x43.altitude,282,RequestService,x43.altitude#1,,SERVICE,,281,_valueCurrent=,1026.0,valueTarget=,1000.0,_speedCurrent=,2.0,speedChange=NONE,_isTerminating=false,isArrived=false
628,0.628,B,notify,x43,x43.altitude,283,RequestService,x43.altitude#1,,SERVICE,
628,0.628,B,service,x43,x43.altitude,283,RequestService,x43.altitude#1,,SERVICE,,282,_valueCurrent=,1024.0,valueTarget=,1000.0,_speedCurrent=,2.0,speedChange=NONE,_isTerminating=false,isArrived=false
629,0.629,B,notify,x43,x43.altitude,284,RequestService,x43.altitude#1,,SERVICE,
629,0.629,B,service,x43,x43.altitude,284,RequestService,x43.altitude#1,,SERVICE,,283,_valueCurrent=,1022.0,valueTarget=,1000.0,_speedCurrent=,2.0,speedChange=NONE,_isTerminating=false,isArrived=false
630,0.630,B,notify,x43,x43.altitude,285,RequestService,x43.altitude#1,,SERVICE,
630,0.630,B,service,x43,x43.altitude,285,RequestService,x43.altitude#1,,SERVICE,,284,_valueCurrent=,1020.0,valueTarget=,1000.0,_speedCurrent=,2.0,speedChange=NONE,_isTerminating=false,isArrived=false
631,0.631,B,notify,x43,x43.altitude,286,RequestService,x43.altitude#1,,SERVICE,
631,0.631,B,service,x43,x43.altitude,286,RequestService,x43.altitude#1,,SERVICE,,285,_valueCurrent=,1018.0,valueTarget=,1000.0,_speedCurrent=,2.0,speedChange=NONE,_isTerminating=false,isArrived=false
632,0.632,B,notify,x43,x43.altitude,287,RequestService,x43.altitude#1,,SERVICE,
632,0.632,B,service,x43,x43.altitude,287,RequestService,x43.altitude#1,,SERVICE,,286,_valueCurrent=,1016.0,valueTarget=,1000.0,_speedCurrent=,2.0,speedChange=NONE,_isTerminating=false,isArrived=false
633,0.633,B,notify,x43,x43.altitude,288,RequestService,x43.altitude#1,,SERVICE,
633,0.633,B,service,x43,x43.altitude,288,RequestService,x43.altitude#1,,SERVICE,,287,_valueCurrent=,1014.0,valueTarget=,1000.0,_speedCurrent=,2.0,speedChange=NONE,_isTerminating=false,isArrived=false
634,0.634,B,notify,x43,x43.altitude,289,RequestService,x43.altitude#1,,SERVICE,
634,0.634,B,service,x43,x43.altitude,289,RequestService,x43.altitude#1,,SERVICE,,288,_valueCurrent=,1012.0,valueTarget=,1000.0,_speedCurrent=,2.0,speedChange=NONE,_isTerminating=false,isArrived=false
635,0.635,B,notify,x43,x43.altitude,290,RequestService,x43.altitude#1,,SERVICE,
635,0.635,B,service,x43,x43.altitude,290,RequestService,x43.altitude#1,,SERVICE,,289,_valueCurrent=,1010.0,valueTarget=,1000.0,_speedCurrent=,2.0,speedChange=NONE,_isTerminating=false,isArrived=false
636,0.636,B,notify,x43,x43.altitude,291,RequestService,x43.altitude#1,,SERVICE,
636,0.636,B,service,x43,x43.altitude,291,RequestService,x43.altitude#1,,SERVICE,,290,_valueCurrent=,1008.0,valueTarget=,1000.0,_speedCurrent=,2.0,speedChange=NONE,_isTerminating=false,isArrived=false
637,0.637,B,notify,x43,x43.altitude,292,RequestService,x43.altitude#1,,SERVICE,
637,0.637,B,service,x43,x43.altitude,292,RequestService,x43.altitude#1,,SERVICE,,291,_valueCurrent=,1006.0,valueTarget=,1000.0,_speedCurrent=,2.0,speedChange=NONE,_isTerminating=false,isArrived=false
638,0.638,B,notify,x43,x43.altitude,293,RequestService,x43.altitude#1,,SERVICE,
638,0.638,B,service,x43,x43.altitude,293,RequestService,x43.altitude#1,,SERVICE,,292,_valueCurrent=,1004.0,valueTarget=,1000.0,_speedCurrent=,2.0,speedChange=NONE,_isTerminating=false,isArrived=false
639,0.639,B,notify,x43,x43.altitude,294,RequestService,x43.altitude#1,,SERVICE,
639,0.639,B,service,x43,x43.altitude,294,RequestService,x43.altitude#1,,SERVICE,,293,_valueCurrent=,1002.0,valueTarget=,1000.0,_speedCurrent=,2.0,speedChange=NONE,_isTerminating=false,isArrived=false
640,0.640,B,notify,x43,x43.altitude,295,RequestService,x43.altitude#1,,SERVICE,
640,0.640,B,service,x43,x43.altitude,295,RequestService,x43.altitude#1,,SERVICE,,294,_valueCurrent=,1000.0,valueTarget=,1000.0,_speedCurrent=,2.0,speedChange=NONE,_isTerminating=false,isArrived=true
640,0.640,C,submit,x43,x43.altitude,0,RequestCancel,x43.altitude#2,x43.altitude#1,UNBOUND
640,0.640,B,notify,x43,x43.altitude,295,RequestService,x43.altitude#1,,CANCEL,
640,0.640,D,respond,x43,x43.altitude,0,RequestCancel,x43.altitude#2,x43.altitude#1,,ACCEPTED_SERVICING
